order_id,user_id,ordered_at,order_value
900001,8321,28-08-2025 18:45,46.93
900002,8275,29-08-2025 05:07,34.88
900003,11704,31-08-2025 06:14,64.13
900004,16712,31-08-2025 10:35,56.39
900005,758,31-08-2025 19:23,121.54
900006,14246,01-09-2025 04:28,77.35
900007,4565,01-09-2025 11:22,83.26
900008,1411,01-09-2025 12:05,62.06
900009,22170,01-09-2025 12:52,104.6
900010,20372,01-09-2025 17:53,57.45
900011,30964,01-09-2025 22:53,50.78
900012,14953,02-09-2025 01:28,67.75
900013,23844,02-09-2025 01:43,52.32
900014,30404,02-09-2025 02:43,81.65
900015,16308,02-09-2025 03:42,66.61
900016,80,02-09-2025 04:09,69.49
900017,13028,02-09-2025 04:55,80.82
900018,15793,02-09-2025 05:58,14.67
900019,16142,02-09-2025 06:29,40.42
900020,25170,02-09-2025 06:49,90.96
900021,8354,02-09-2025 06:53,88.93
900022,10519,02-09-2025 07:01,68.28
900023,3216,02-09-2025 07:06,108.21
900024,1593,02-09-2025 07:16,92.28
900025,22313,02-09-2025 07:38,75.33
900026,7602,02-09-2025 08:06,39.92
900027,24170,02-09-2025 08:52,21.66
900028,30589,02-09-2025 09:47,52.02
900029,29955,02-09-2025 10:11,94.46
900030,22317,02-09-2025 11:33,71.7
900031,15071,02-09-2025 11:51,96.65
900032,25526,02-09-2025 11:55,61.76
900033,17826,02-09-2025 11:56,31.44
900034,1797,02-09-2025 12:19,79.16
900035,2298,02-09-2025 13:37,59.57
900036,10660,02-09-2025 13:42,85.03
900037,3213,02-09-2025 13:47,80.41
900038,19885,02-09-2025 13:55,36.76
900039,22312,02-09-2025 14:05,9
900040,9371,02-09-2025 14:39,72.61
900041,1270,02-09-2025 14:47,93.84
900042,11705,02-09-2025 14:51,62.31
900043,27171,02-09-2025 14:52,37.04
900044,19617,02-09-2025 15:00,33.51
900045,24617,02-09-2025 15:03,67.78
900046,23952,02-09-2025 15:38,79.62
900047,30392,02-09-2025 15:53,65.1
900048,24950,02-09-2025 15:57,120.33
900049,16308,02-09-2025 16:22,103.19
900050,4394,02-09-2025 16:22,48.61
900051,23287,02-09-2025 16:31,61.16
900052,23118,02-09-2025 16:32,36.56
900053,28977,02-09-2025 16:35,65.89
900054,8493,02-09-2025 16:51,95.08
900055,7063,02-09-2025 16:55,109.28
900056,24036,02-09-2025 16:58,61.19
900057,5284,02-09-2025 17:18,80.92
900058,18551,02-09-2025 17:27,58
900059,21948,02-09-2025 17:37,51.81
900060,26258,02-09-2025 17:39,32.84
900061,26659,02-09-2025 17:48,30.47
900062,13131,02-09-2025 17:55,60.56
900063,14810,02-09-2025 18:31,34.39
900064,21948,02-09-2025 18:43,21.38
900065,29350,02-09-2025 19:31,84.17
900066,18208,02-09-2025 19:36,100.38
900067,18520,02-09-2025 19:52,124.51
900068,6597,02-09-2025 20:46,76.87
900069,28187,02-09-2025 21:00,53.15
900070,22349,02-09-2025 21:16,56.77
900071,4535,02-09-2025 21:18,62.54
900072,1615,02-09-2025 21:33,65.94
900073,4780,02-09-2025 21:37,62.15
900074,11339,02-09-2025 22:27,46.87
900075,28501,02-09-2025 23:15,59.26
900076,12960,02-09-2025 23:51,79.32
900077,11990,03-09-2025 00:18,74.8
900078,13972,03-09-2025 00:32,85.09
900079,123,03-09-2025 00:44,100.96
900080,2916,03-09-2025 01:23,17.71
900081,18970,03-09-2025 01:32,94.02
900082,344,03-09-2025 01:42,65.74
900083,10614,03-09-2025 01:52,57.86
900084,15445,03-09-2025 01:57,111.9
900085,18274,03-09-2025 02:06,74.56
900086,22490,03-09-2025 02:09,14.12
900087,3854,03-09-2025 02:17,118
900088,1490,03-09-2025 02:25,95.19
900089,12260,03-09-2025 03:39,71.22
900090,25258,03-09-2025 03:56,81.5
900091,20460,03-09-2025 04:06,104.7
900092,13303,03-09-2025 04:13,79.73
900093,5860,03-09-2025 04:15,87.27
900094,12853,03-09-2025 04:18,87.58
900095,27748,03-09-2025 04:40,66.16
900096,14531,03-09-2025 04:45,82.65
900097,18059,03-09-2025 04:50,50.66
900098,20476,03-09-2025 04:57,67.76
900099,3586,03-09-2025 05:43,88.65
900100,16762,03-09-2025 05:49,9
900101,1268,03-09-2025 06:00,9
900102,3528,03-09-2025 06:32,42.88
900103,1741,03-09-2025 06:45,51.57
900104,29368,03-09-2025 07:11,62.64
900105,11837,03-09-2025 07:21,69.96
900106,14109,03-09-2025 07:36,69.61
900107,9761,03-09-2025 07:43,53.67
900108,19297,03-09-2025 07:53,59.74
900109,7597,03-09-2025 08:06,98.31
900110,7529,03-09-2025 08:34,72.35
900111,14972,03-09-2025 08:48,68.98
900112,17842,03-09-2025 09:27,69.52
900113,3582,03-09-2025 10:06,55.6
900114,5864,03-09-2025 10:18,64.95
900115,23041,03-09-2025 10:25,44.79
900116,10143,03-09-2025 10:43,62.22
900117,19132,03-09-2025 10:51,62.41
900118,30950,03-09-2025 11:09,45.34
900119,22822,03-09-2025 11:23,107.23
900120,6201,03-09-2025 11:35,54.36
900121,25154,03-09-2025 11:47,69.71
900122,2794,03-09-2025 11:50,29.52
900123,19078,03-09-2025 11:51,70.65
900124,147,03-09-2025 12:01,58.62
900125,11979,03-09-2025 12:41,94.43
900126,10367,03-09-2025 12:54,36.91
900127,29302,03-09-2025 12:58,55.38
900128,267,03-09-2025 13:29,45.06
900129,28433,03-09-2025 13:41,37.55
900130,22024,03-09-2025 13:51,27.17
900131,6152,03-09-2025 14:14,30.28
900132,26749,03-09-2025 14:32,110.09
900133,7473,03-09-2025 14:36,25.17
900134,1707,03-09-2025 14:40,64.89
900135,1614,03-09-2025 14:48,55.04
900136,6919,03-09-2025 15:23,97.71
900137,7733,03-09-2025 15:34,81.49
900138,28005,03-09-2025 15:44,41.68
900139,11517,03-09-2025 15:52,85.49
900140,3493,03-09-2025 16:00,72.19
900141,18261,03-09-2025 16:00,91.66
900142,4341,03-09-2025 16:03,91.8
900143,16985,03-09-2025 16:38,89.75
900144,19350,03-09-2025 16:41,80.35
900145,1703,03-09-2025 16:41,14.55
900146,12558,03-09-2025 16:56,77.54
900147,6992,03-09-2025 17:18,38.39
900148,11514,03-09-2025 17:27,87.51
900149,12254,03-09-2025 17:45,40.18
900150,13091,03-09-2025 17:52,57.47
900151,15887,03-09-2025 18:13,43.13
900152,2565,03-09-2025 18:17,77.55
900153,20558,03-09-2025 18:36,68.4
900154,10642,03-09-2025 18:51,85.19
900155,29388,03-09-2025 19:17,61.78
900156,13617,03-09-2025 19:27,26.77
900157,30350,03-09-2025 19:31,63.36
900158,7124,03-09-2025 19:36,68.67
900159,11093,03-09-2025 19:37,38.83
900160,9535,03-09-2025 20:19,99.03
900161,16455,03-09-2025 20:48,48.01
900162,4104,03-09-2025 20:49,41.61
900163,28694,03-09-2025 20:54,48.62
900164,17552,03-09-2025 20:55,47.9
900165,14613,03-09-2025 21:15,49.3
900166,10642,03-09-2025 22:06,72.61
900167,80,03-09-2025 22:08,81.83
900168,25457,03-09-2025 22:09,38.48
900169,3231,03-09-2025 23:26,128.82
900170,30817,03-09-2025 23:36,52.52
900171,9853,03-09-2025 23:43,52.03
900172,4633,03-09-2025 23:45,63.01
900173,26829,03-09-2025 23:52,70.11
900174,20399,03-09-2025 23:54,55.08
900175,2192,04-09-2025 00:01,59.72
900176,10018,04-09-2025 00:02,54.98
900177,12610,04-09-2025 00:07,27.83
900178,13491,04-09-2025 00:15,56.55
900179,19350,04-09-2025 00:17,77.53
900180,19078,04-09-2025 00:36,31.63
900181,21597,04-09-2025 00:38,113.67
900182,30951,04-09-2025 00:39,9
900183,26974,04-09-2025 00:46,77.84
900184,23316,04-09-2025 00:46,77.62
900185,19382,04-09-2025 01:17,61.52
900186,8570,04-09-2025 01:20,86.6
900187,27038,04-09-2025 01:28,49.78
900188,27855,04-09-2025 01:28,40.46
900189,10203,04-09-2025 01:35,99.75
900190,11047,04-09-2025 02:03,63.42
900191,20459,04-09-2025 02:08,28.6
900192,25236,04-09-2025 02:41,66.7
900193,22277,04-09-2025 02:43,36.78
900194,331,04-09-2025 02:54,94.69
900195,8746,04-09-2025 03:00,83.58
900196,16180,04-09-2025 03:48,68.76
900197,18208,04-09-2025 04:22,52.76
900198,8911,04-09-2025 04:28,22.67
900199,531,04-09-2025 04:59,46.96
900200,17558,04-09-2025 05:24,80.01
900201,3049,04-09-2025 05:34,68.84
900202,22135,04-09-2025 06:06,99.01
900203,7312,04-09-2025 06:09,95.1
900204,21782,04-09-2025 06:19,101.78
900205,6284,04-09-2025 06:29,58.09
900206,9609,04-09-2025 06:29,38.56
900207,28575,04-09-2025 06:59,16.29
900208,10315,04-09-2025 07:00,79.31
900209,17924,04-09-2025 07:36,59.63
900210,24556,04-09-2025 07:47,75
900211,9391,04-09-2025 07:55,71.88
900212,9160,04-09-2025 08:41,69.66
900213,25248,04-09-2025 08:49,72.85
900214,16505,04-09-2025 09:37,9
900215,12221,04-09-2025 09:41,10.84
900216,24755,04-09-2025 10:33,53.46
900217,22590,04-09-2025 10:37,77.7
900218,17728,04-09-2025 11:30,39.02
900219,24555,04-09-2025 12:12,68.25
900220,25911,04-09-2025 12:27,99.5
900221,4684,04-09-2025 12:53,57.72
900222,21983,04-09-2025 13:04,61.12
900223,10382,04-09-2025 13:07,47.63
900224,23534,04-09-2025 13:33,40.95
900225,20916,04-09-2025 13:38,40.41
900226,11393,04-09-2025 14:57,69.45
900227,18761,04-09-2025 14:58,29.81
900228,29833,04-09-2025 15:15,99.77
900229,19495,04-09-2025 15:37,55.17
900230,28773,04-09-2025 15:47,64.31
900231,7826,04-09-2025 15:51,84.8
900232,27625,04-09-2025 15:53,45.54
900233,11138,04-09-2025 15:59,75.99
900234,29100,04-09-2025 15:59,57.95
900235,6645,04-09-2025 16:04,96.84
900236,13322,04-09-2025 16:15,70.44
900237,25394,04-09-2025 16:20,48.63
900238,20062,04-09-2025 16:30,65.87
900239,17012,04-09-2025 16:38,92.74
900240,27450,04-09-2025 16:40,66.63
900241,18850,04-09-2025 16:51,84.35
900242,20853,04-09-2025 17:25,90.61
900243,25472,04-09-2025 17:56,85.12
900244,9222,04-09-2025 18:03,33.16
900245,17592,04-09-2025 18:20,101.26
900246,16861,04-09-2025 18:34,78.64
900247,21540,04-09-2025 18:41,111.15
900248,10284,04-09-2025 18:45,70.11
900249,4681,04-09-2025 19:09,37.65
900250,29953,04-09-2025 19:23,50.73
900251,11729,04-09-2025 20:37,89.03
900252,10036,04-09-2025 20:41,17.94
900253,30318,04-09-2025 21:02,101.46
900254,18141,04-09-2025 22:20,64.56
900255,1057,04-09-2025 22:26,62.76
900256,16167,04-09-2025 22:37,60.46
900257,1262,04-09-2025 22:42,122.42
900258,12919,04-09-2025 22:48,58.44
900259,13723,04-09-2025 22:55,13.7
900260,29553,04-09-2025 23:16,118.84
900261,1488,04-09-2025 23:39,61.01
900262,18854,04-09-2025 23:41,63.74
900263,9365,05-09-2025 00:23,41.41
900264,30805,05-09-2025 01:11,81.61
900265,7744,05-09-2025 01:21,94.29
900266,22810,05-09-2025 01:27,72.98
900267,27925,05-09-2025 01:37,75.29
900268,27446,05-09-2025 02:18,51.36
900269,2971,05-09-2025 02:20,54.48
900270,26749,05-09-2025 02:39,67.45
900271,12568,05-09-2025 02:55,96.51
900272,26489,05-09-2025 03:18,74.12
900273,16585,05-09-2025 03:37,70.66
900274,23951,05-09-2025 03:41,69.96
900275,1384,05-09-2025 04:00,9
900276,12369,05-09-2025 04:31,51.97
900277,7846,05-09-2025 05:03,93.93
900278,14701,05-09-2025 05:23,47.84
900279,24314,05-09-2025 05:24,73.6
900280,15473,05-09-2025 05:34,53.76
900281,12566,05-09-2025 06:00,60.59
900282,7420,05-09-2025 06:07,101.28
900283,16132,05-09-2025 06:13,74.98
900284,23104,05-09-2025 07:18,70.63
900285,10006,05-09-2025 07:23,60.54
900286,27526,05-09-2025 07:56,93.9
900287,18763,05-09-2025 08:11,92.53
900288,6501,05-09-2025 08:28,62.03
900289,11383,05-09-2025 08:51,115.89
900290,7426,05-09-2025 08:59,55.43
900291,23849,05-09-2025 09:20,98.83
900292,26006,05-09-2025 09:20,80.92
900293,28097,05-09-2025 09:21,62.15
900294,17814,05-09-2025 09:22,41.59
900295,23957,05-09-2025 09:35,74.99
900296,8245,05-09-2025 09:42,91.09
900297,15887,05-09-2025 09:51,73.23
900298,29351,05-09-2025 09:53,66.63
900299,10925,05-09-2025 10:01,13.2
900300,6048,05-09-2025 10:33,72.87
900301,9346,05-09-2025 10:39,86.25
900302,16079,05-09-2025 10:47,70.89
900303,20875,05-09-2025 12:16,103.73
900304,15896,05-09-2025 12:24,88.92
900305,18735,05-09-2025 12:48,73.68
900306,6329,05-09-2025 12:55,60.41
900307,22121,05-09-2025 13:02,59.62
900308,18949,05-09-2025 13:03,65.44
900309,5671,05-09-2025 13:13,63.8
900310,13304,05-09-2025 13:39,99.91
900311,26598,05-09-2025 13:45,52
900312,20171,05-09-2025 14:10,81.91
900313,3364,05-09-2025 14:29,78.69
900314,1490,05-09-2025 14:52,61.9
900315,22016,05-09-2025 14:52,102.32
900316,20625,05-09-2025 14:53,76.69
900317,2114,05-09-2025 14:59,109.16
900318,11411,05-09-2025 15:04,64.2
900319,20490,05-09-2025 15:11,52.43
900320,16836,05-09-2025 15:12,93.49
900321,13883,05-09-2025 15:19,51.57
900322,10014,05-09-2025 15:29,48.53
900323,25505,05-09-2025 16:01,76.43
900324,3861,05-09-2025 16:30,89.82
900325,15803,05-09-2025 16:33,44.12
900326,6868,05-09-2025 17:04,59.72
900327,29764,05-09-2025 17:35,78.13
900328,3851,05-09-2025 17:52,69.36
900329,21590,05-09-2025 18:21,61.54
900330,414,05-09-2025 18:22,91.82
900331,1552,05-09-2025 18:26,33.93
900332,30498,05-09-2025 18:37,81.1
900333,6012,05-09-2025 18:43,42.86
900334,17083,05-09-2025 18:49,80.89
900335,2605,05-09-2025 18:57,37.24
900336,25708,05-09-2025 19:07,58.92
900337,4530,05-09-2025 19:48,58.49
900338,22497,05-09-2025 19:54,75.46
900339,25248,05-09-2025 19:58,69.9
900340,6467,05-09-2025 20:28,75.23
900341,6321,05-09-2025 20:31,83.05
900342,15872,05-09-2025 20:43,108.8
900343,4962,05-09-2025 21:23,103.52
900344,921,05-09-2025 21:29,68.08
900345,23315,05-09-2025 21:48,57.88
900346,19,05-09-2025 22:00,53.82
900347,27803,05-09-2025 22:03,28.97
900348,10069,05-09-2025 22:05,30.66
900349,30104,05-09-2025 22:10,53.61
900350,28872,05-09-2025 22:18,58.91
900351,19187,05-09-2025 22:45,68.74
900352,13886,05-09-2025 22:59,73.04
900353,2192,05-09-2025 23:11,32.97
900354,21006,05-09-2025 23:16,62.41
900355,26097,05-09-2025 23:30,75.15
900356,21620,05-09-2025 23:31,77.77
900357,10853,05-09-2025 23:33,81.14
900358,30963,05-09-2025 23:44,37.95
900359,4574,05-09-2025 23:53,19.48
900360,14170,06-09-2025 00:23,128.13
900361,21983,06-09-2025 00:41,72.19
900362,15872,06-09-2025 01:07,11.92
900363,18222,06-09-2025 01:12,54.74
900364,11430,06-09-2025 01:21,64.33
900365,18833,06-09-2025 01:27,108.68
900366,10744,06-09-2025 01:34,48.57
900367,27767,06-09-2025 01:51,60.39
900368,13690,06-09-2025 01:55,67.26
900369,10872,06-09-2025 02:39,54.21
900370,28270,06-09-2025 02:41,59.64
900371,8749,06-09-2025 02:44,72.83
900372,17676,06-09-2025 02:55,86.51
900373,5944,06-09-2025 03:24,53.65
900374,18374,06-09-2025 03:33,25.33
900375,19395,06-09-2025 03:35,110.33
900376,26266,06-09-2025 03:37,67.53
900377,2699,06-09-2025 03:54,59.87
900378,30467,06-09-2025 04:00,75.02
900379,12637,06-09-2025 04:15,79.24
900380,3105,06-09-2025 04:19,89.61
900381,26017,06-09-2025 04:23,49.55
900382,4141,06-09-2025 04:32,82.3
900383,13854,06-09-2025 04:45,87.7
900384,27669,06-09-2025 05:05,61.94
900385,25775,06-09-2025 05:17,45.93
900386,24583,06-09-2025 05:26,95.04
900387,9788,06-09-2025 05:29,39.56
900388,25775,06-09-2025 05:47,34.2
900389,20171,06-09-2025 05:47,82.66
900390,5210,06-09-2025 06:25,70.69
900391,23173,06-09-2025 06:35,42.7
900392,22141,06-09-2025 07:14,109.05
900393,25639,06-09-2025 07:50,112.82
900394,12260,06-09-2025 07:53,47.14
900395,10452,06-09-2025 08:02,51.28
900396,14098,06-09-2025 08:17,18.44
900397,1774,06-09-2025 08:28,110.94
900398,5210,06-09-2025 08:53,45.37
900399,25944,06-09-2025 09:06,72.51
900400,17875,06-09-2025 09:33,63.37
900401,16599,06-09-2025 09:44,32.66
900402,9734,06-09-2025 09:52,110.93
900403,30510,06-09-2025 09:59,9
900404,24198,06-09-2025 10:21,100.9
900405,20112,06-09-2025 10:24,35.56
900406,412,06-09-2025 10:38,13.69
900407,11868,06-09-2025 10:39,40.39
900408,11591,06-09-2025 11:02,79.67
900409,23506,06-09-2025 11:13,31.09
900410,13272,06-09-2025 11:33,97.14
900411,11990,06-09-2025 11:58,42.92
900412,4044,06-09-2025 12:18,54.42
900413,22928,06-09-2025 12:34,37.99
900414,11517,06-09-2025 13:43,55.19
900415,2871,06-09-2025 13:49,34.43
900416,17046,06-09-2025 14:09,80.89
900417,24517,06-09-2025 14:11,116.87
900418,18468,06-09-2025 14:34,48.26
900419,19760,06-09-2025 14:50,60.69
900420,5700,06-09-2025 14:55,62.52
900421,29776,06-09-2025 15:15,84.92
900422,2585,06-09-2025 15:24,69.03
900423,22760,06-09-2025 15:26,52.26
900424,14849,06-09-2025 16:25,113.08
900425,7650,06-09-2025 16:27,28.12
900426,8920,06-09-2025 16:39,31
900427,25800,06-09-2025 16:40,83.48
900428,27625,06-09-2025 17:41,57.96
900429,14763,06-09-2025 17:57,91.13
900430,25966,06-09-2025 18:12,49.74
900431,3724,06-09-2025 18:21,94.31
900432,15054,06-09-2025 18:32,69.64
900433,8448,06-09-2025 18:37,38.57
900434,26587,06-09-2025 18:44,61.47
900435,4981,06-09-2025 18:46,82.27
900436,15999,06-09-2025 18:51,55.92
900437,21178,06-09-2025 18:55,97.12
900438,29368,06-09-2025 19:01,81.86
900439,11886,06-09-2025 19:08,115.93
900440,8933,06-09-2025 19:09,22.09
900441,23696,06-09-2025 20:10,25.61
900442,605,06-09-2025 20:21,39.68
900443,5588,06-09-2025 20:23,66.63
900444,12378,06-09-2025 20:23,68.66
900445,10849,06-09-2025 20:25,48.93
900446,30872,06-09-2025 20:26,49.37
900447,13091,06-09-2025 20:33,98.8
900448,9426,06-09-2025 20:49,60.9
900449,30849,06-09-2025 20:50,76.64
900450,794,06-09-2025 21:00,70.9
900451,14070,06-09-2025 21:05,53.2
900452,27304,06-09-2025 21:08,64.04
900453,26608,06-09-2025 21:14,31.01
900454,10873,06-09-2025 21:26,85.45
900455,15084,06-09-2025 21:27,72.09
900456,26155,06-09-2025 21:30,88.09
900457,11274,06-09-2025 21:48,20.95
900458,26605,06-09-2025 22:08,38.86
900459,16126,06-09-2025 22:15,80.36
900460,30502,06-09-2025 22:23,97.75
900461,4341,06-09-2025 22:55,63.21
900462,19643,06-09-2025 23:02,66.01
900463,16915,06-09-2025 23:16,90.65
900464,9761,06-09-2025 23:26,78.05
900465,18892,06-09-2025 23:50,66
900466,2912,07-09-2025 00:04,109.65
900467,23506,07-09-2025 01:02,49.34
900468,11668,07-09-2025 01:33,21.32
900469,9697,07-09-2025 01:43,41.31
900470,10669,07-09-2025 01:45,65.89
900471,13464,07-09-2025 01:46,111.9
900472,22554,07-09-2025 01:48,127.72
900473,27040,07-09-2025 01:54,59.61
900474,1596,07-09-2025 02:11,50.6
900475,17394,07-09-2025 02:14,60.76
900476,28694,07-09-2025 02:32,46.63
900477,25637,07-09-2025 02:39,76.28
900478,18326,07-09-2025 03:16,48.1
900479,5449,07-09-2025 03:32,102.09
900480,26018,07-09-2025 03:58,75.23
900481,11371,07-09-2025 04:11,80.06
900482,851,07-09-2025 04:31,144.44
900483,27344,07-09-2025 05:04,65.56
900484,15012,07-09-2025 05:20,9
900485,10915,07-09-2025 05:25,66.17
900486,30686,07-09-2025 05:25,22.14
900487,29768,07-09-2025 05:30,38.95
900488,30317,07-09-2025 05:33,54.52
900489,5284,07-09-2025 05:41,87.72
900490,9236,07-09-2025 05:54,69.88
900491,27199,07-09-2025 05:57,73.51
900492,22928,07-09-2025 06:00,65.23
900493,11421,07-09-2025 06:07,83.62
900494,17394,07-09-2025 06:22,85.34
900495,1962,07-09-2025 06:34,73.63
900496,231,07-09-2025 06:49,115.61
900497,15782,07-09-2025 06:55,70.03
900498,19620,07-09-2025 07:38,87.89
900499,27925,07-09-2025 08:16,61.23
900500,10048,07-09-2025 08:21,54.62
900501,17750,07-09-2025 08:22,83.91
900502,29402,07-09-2025 09:10,70.48
900503,794,07-09-2025 09:11,62.43
900504,25628,07-09-2025 09:24,41.47
900505,14795,07-09-2025 09:58,146.27
900506,725,07-09-2025 10:25,88.43
900507,26341,07-09-2025 10:38,36.05
900508,25628,07-09-2025 10:52,109.51
900509,3861,07-09-2025 11:00,77.79
900510,26006,07-09-2025 11:08,89.77
900511,5075,07-09-2025 11:54,49.11
900512,3259,07-09-2025 12:08,54.47
900513,7649,07-09-2025 12:19,97.54
900514,1954,07-09-2025 12:20,54.14
900515,187,07-09-2025 12:46,86.39
900516,17922,07-09-2025 13:04,60.09
900517,913,07-09-2025 13:17,65.67
900518,8725,07-09-2025 13:35,52.88
900519,16647,07-09-2025 13:40,57.88
900520,12146,07-09-2025 13:42,76.35
900521,12410,07-09-2025 13:47,9.65
900522,9913,07-09-2025 13:52,78.89
900523,29189,07-09-2025 13:55,78.66
900524,6081,07-09-2025 13:58,110.44
900525,12672,07-09-2025 14:14,58.29
900526,27224,07-09-2025 14:23,56.92
900527,1691,07-09-2025 14:24,85.85
900528,28605,07-09-2025 14:34,46.45
900529,25498,07-09-2025 14:54,88.79
900530,11509,07-09-2025 15:09,61.23
900531,12247,07-09-2025 15:12,127.84
900532,7117,07-09-2025 15:42,111.78
900533,25469,07-09-2025 15:49,9
900534,3203,07-09-2025 16:06,64.31
900535,6048,07-09-2025 16:29,81
900536,12021,07-09-2025 16:37,53.26
900537,8549,07-09-2025 16:49,39.27
900538,27652,07-09-2025 17:13,64.85
900539,10283,07-09-2025 17:17,83.13
900540,5136,07-09-2025 18:18,93.65
900541,9917,07-09-2025 18:51,61.01
900542,18549,07-09-2025 18:57,9
900543,8104,07-09-2025 19:09,51.18
900544,5092,07-09-2025 19:42,20.05
900545,11254,07-09-2025 19:48,32.87
900546,13381,07-09-2025 19:51,56.62
900547,29015,07-09-2025 19:52,9
900548,3244,07-09-2025 20:29,76.26
900549,23934,07-09-2025 21:05,85.97
900550,19355,07-09-2025 21:06,61.14
900551,12146,07-09-2025 21:41,59.56
900552,15539,07-09-2025 22:12,81.17
900553,22119,07-09-2025 22:14,42.8
900554,21321,07-09-2025 22:43,15.14
900555,8698,07-09-2025 22:45,66.16
900556,18338,07-09-2025 22:50,106.6
900557,331,07-09-2025 23:04,44.32
900558,13723,07-09-2025 23:31,90.18
900559,18848,08-09-2025 00:00,14.8
900560,23072,08-09-2025 00:07,74.9
900561,9648,08-09-2025 00:50,94.26
900562,9839,08-09-2025 00:51,70.8
900563,12937,08-09-2025 01:15,60.84
900564,394,08-09-2025 01:23,87.37
900565,28855,08-09-2025 01:32,86.65
900566,24569,08-09-2025 01:35,100.52
900567,8354,08-09-2025 01:48,23.53
900568,25637,08-09-2025 01:52,76.31
900569,18267,08-09-2025 02:16,103.39
900570,12648,08-09-2025 02:27,70.39
900571,25987,08-09-2025 03:05,78.73
900572,28179,08-09-2025 03:19,41.63
900573,2797,08-09-2025 03:33,75.9
900574,1644,08-09-2025 03:54,26.79
900575,18763,08-09-2025 04:03,56.44
900576,94,08-09-2025 04:05,45.26
900577,20916,08-09-2025 04:23,112.76
900578,23315,08-09-2025 04:54,40.87
900579,23182,08-09-2025 04:55,94.87
900580,29936,08-09-2025 04:57,72.47
900581,24715,08-09-2025 05:52,78.89
900582,22834,08-09-2025 06:19,53.67
900583,789,08-09-2025 06:28,78.04
900584,1644,08-09-2025 06:40,57.88
900585,16686,08-09-2025 06:42,122.45
900586,20346,08-09-2025 06:43,24.43
900587,15896,08-09-2025 06:49,101.9
900588,9456,08-09-2025 07:10,58.18
900589,7531,08-09-2025 07:12,73.93
900590,6600,08-09-2025 07:44,89.41
900591,435,08-09-2025 08:02,72.63
900592,13563,08-09-2025 08:17,32.22
900593,7429,08-09-2025 08:23,56.25
900594,8746,08-09-2025 09:06,96.49
900595,27485,08-09-2025 09:28,40.5
900596,18748,08-09-2025 09:53,60.78
900597,11427,08-09-2025 10:02,62.36
900598,4738,08-09-2025 10:13,87.4
900599,2331,08-09-2025 10:31,30.36
900600,22461,08-09-2025 10:34,65.53
900601,18088,08-09-2025 10:38,19.3
900602,17609,08-09-2025 10:55,98.68
900603,11235,08-09-2025 11:22,55.92
900604,1989,08-09-2025 11:42,56.57
900605,18099,08-09-2025 11:45,84.81
900606,16974,08-09-2025 11:56,85.68
900607,17184,08-09-2025 12:19,115.06
900608,25528,08-09-2025 12:38,66.6
900609,7702,08-09-2025 12:41,101.42
900610,27037,08-09-2025 12:50,103.53
900611,9589,08-09-2025 13:10,71
900612,18797,08-09-2025 13:10,46.58
900613,27398,08-09-2025 13:26,112.75
900614,15557,08-09-2025 13:37,9
900615,22819,08-09-2025 13:39,15.04
900616,20231,08-09-2025 13:45,84.81
900617,24790,08-09-2025 14:04,97.22
900618,7887,08-09-2025 14:18,35.26
900619,13517,08-09-2025 14:50,38.07
900620,9863,08-09-2025 15:05,17.27
900621,2981,08-09-2025 15:20,44.09
900622,1989,08-09-2025 15:37,132.98
900623,7015,08-09-2025 15:56,52.48
900624,5519,08-09-2025 15:59,45.48
900625,3846,08-09-2025 16:11,86.92
900626,7527,08-09-2025 16:27,96.62
900627,6290,08-09-2025 16:52,81.96
900628,5852,08-09-2025 17:28,31.85
900629,24838,08-09-2025 17:31,62.45
900630,11393,08-09-2025 17:40,54.09
900631,14583,08-09-2025 18:30,70.85
900632,18727,08-09-2025 18:38,61.45
900633,15385,08-09-2025 18:46,59.33
900634,22819,08-09-2025 18:47,47.76
900635,7366,08-09-2025 18:50,103.57
900636,22994,08-09-2025 18:55,99.36
900637,29500,08-09-2025 19:12,51.28
900638,3647,08-09-2025 20:25,40.88
900639,19378,08-09-2025 20:30,72.92
900640,8381,08-09-2025 20:45,109.27
900641,26119,08-09-2025 21:05,59.22
900642,16344,08-09-2025 21:06,9
900643,27425,08-09-2025 21:11,36.69
900644,20749,08-09-2025 21:14,101.6
900645,10290,08-09-2025 21:16,66.19
900646,23914,08-09-2025 21:16,67.51
900647,11867,08-09-2025 21:28,77.79
900648,23288,08-09-2025 21:40,65.27
900649,18374,08-09-2025 21:49,9
900650,29264,08-09-2025 22:04,74.27
900651,11726,08-09-2025 22:13,71.3
900652,8698,08-09-2025 22:24,56.42
900653,5516,08-09-2025 23:08,33.97
900654,29934,08-09-2025 23:13,63.78
900655,558,08-09-2025 23:22,15.96
900656,11749,08-09-2025 23:22,82.01
900657,27796,08-09-2025 23:27,58.54
900658,25627,08-09-2025 23:45,84.42
900659,25521,08-09-2025 23:57,43.01
900660,5944,09-09-2025 00:06,84.36
900661,6692,09-09-2025 00:24,52.84
900662,29264,09-09-2025 00:37,88.94
900663,6345,09-09-2025 00:42,99.46
900664,30371,09-09-2025 00:54,104.19
900665,13730,09-09-2025 00:55,82.62
900666,16616,09-09-2025 01:03,9
900667,4483,09-09-2025 01:12,87.23
900668,17590,09-09-2025 01:41,42.66
900669,11258,09-09-2025 01:47,45.23
900670,21870,09-09-2025 02:03,13.72
900671,2078,09-09-2025 02:14,45.64
900672,8074,09-09-2025 03:01,103.1
900673,4483,09-09-2025 03:18,50.01
900674,8584,09-09-2025 03:57,48.16
900675,13407,09-09-2025 04:35,74.9
900676,19278,09-09-2025 05:02,87.54
900677,11020,09-09-2025 05:48,93.41
900678,17058,09-09-2025 05:52,43.18
900679,14932,09-09-2025 06:15,83.91
900680,24737,09-09-2025 06:22,63.1
900681,11432,09-09-2025 06:45,60.48
900682,25045,09-09-2025 07:06,80.95
900683,24599,09-09-2025 07:11,68.85
900684,11610,09-09-2025 07:14,85.26
900685,8994,09-09-2025 07:50,34.24
900686,28228,09-09-2025 08:18,74.15
900687,15239,09-09-2025 08:28,66.75
900688,7141,09-09-2025 08:36,80.75
900689,21766,09-09-2025 08:40,17.82
900690,7669,09-09-2025 09:06,10.07
900691,7821,09-09-2025 09:07,104.21
900692,14324,09-09-2025 09:25,74.68
900693,7882,09-09-2025 09:29,46.33
900694,18064,09-09-2025 10:20,85.92
900695,61,09-09-2025 10:46,80.39
900696,19574,09-09-2025 11:27,53.78
900697,9509,09-09-2025 11:53,77.09
900698,14310,09-09-2025 12:12,31.9
900699,27931,09-09-2025 12:29,114.15
900700,29062,09-09-2025 12:40,35.3
900701,5641,09-09-2025 13:17,42.97
900702,9954,09-09-2025 13:19,61.33
900703,6834,09-09-2025 13:23,64.03
900704,23860,09-09-2025 13:30,68.13
900705,8740,09-09-2025 13:34,33.5
900706,19523,09-09-2025 13:58,85.43
900707,29100,09-09-2025 14:02,109.69
900708,4912,09-09-2025 14:07,78.14
900709,8448,09-09-2025 14:27,81.42
900710,24517,09-09-2025 14:35,81.19
900711,23748,09-09-2025 14:44,50.29
900712,16289,09-09-2025 14:56,9
900713,26741,09-09-2025 15:26,77.75
900714,14342,09-09-2025 15:29,44.88
900715,6345,09-09-2025 15:29,66.16
900716,30972,09-09-2025 15:59,57.45
900717,16048,09-09-2025 16:06,28.88
900718,1182,09-09-2025 16:29,66.72
900719,9535,09-09-2025 16:30,99.55
900720,10916,09-09-2025 16:34,87.74
900721,22449,09-09-2025 16:35,65.48
900722,4960,09-09-2025 16:48,62.7
900723,26300,09-09-2025 17:10,45.6
900724,22727,09-09-2025 17:13,88.24
900725,12273,09-09-2025 17:40,55.84
900726,7685,09-09-2025 17:44,100.23
900727,22011,09-09-2025 17:47,58.68
900728,231,09-09-2025 18:00,64.27
900729,1623,09-09-2025 18:10,45.62
900730,12632,09-09-2025 18:11,47.91
900731,6556,09-09-2025 18:50,67.2
900732,30812,09-09-2025 19:08,91.69
900733,14171,09-09-2025 19:39,69.94
900734,24976,09-09-2025 20:09,55.81
900735,14738,09-09-2025 20:26,52.16
900736,20297,09-09-2025 20:31,66.34
900737,597,09-09-2025 20:52,92.35
900738,4807,09-09-2025 21:05,48.4
900739,12922,09-09-2025 21:27,62.92
900740,28760,09-09-2025 21:28,46.64
900741,22125,09-09-2025 21:38,31.48
900742,16137,09-09-2025 21:56,75.9
900743,28795,09-09-2025 22:01,36.22
900744,3046,09-09-2025 22:06,41.09
900745,29051,09-09-2025 22:07,40.16
900746,22138,09-09-2025 22:09,57.73
900747,8647,09-09-2025 22:10,86.02
900748,12832,09-09-2025 22:13,39.33
900749,8579,09-09-2025 22:18,76.95
900750,11512,09-09-2025 22:21,80.57
900751,17931,09-09-2025 22:32,61.04
900752,17891,09-09-2025 22:37,73.41
900753,12773,09-09-2025 22:40,55.62
900754,452,09-09-2025 22:44,73.96
900755,24675,09-09-2025 23:02,50.64
900756,18521,09-09-2025 23:09,50.19
900757,11445,09-09-2025 23:14,77.08
900758,30985,09-09-2025 23:36,49.09
900759,29022,09-09-2025 23:49,100.95
900760,9731,10-09-2025 00:40,26.63
900761,18549,10-09-2025 00:56,47.91
900762,1623,10-09-2025 01:12,90.8
900763,19761,10-09-2025 01:18,94.34
900764,21506,10-09-2025 01:19,57.56
900765,8343,10-09-2025 01:46,64.95
900766,18495,10-09-2025 01:54,21.31
900767,9489,10-09-2025 02:08,52.12
900768,3582,10-09-2025 02:15,85.54
900769,13468,10-09-2025 02:45,80.79
900770,15163,10-09-2025 02:47,35.84
900771,10541,10-09-2025 03:00,66.78
900772,10366,10-09-2025 03:04,67.38
900773,12969,10-09-2025 03:05,41.01
900774,27648,10-09-2025 03:06,70.45
900775,24071,10-09-2025 03:32,101.83
900776,7918,10-09-2025 03:54,73.5
900777,1991,10-09-2025 04:07,49.59
900778,24790,10-09-2025 04:12,74.52
900779,29409,10-09-2025 04:22,62.54
900780,3932,10-09-2025 04:34,84.33
900781,17931,10-09-2025 05:07,72.9
900782,4908,10-09-2025 05:34,72.49
900783,711,10-09-2025 05:47,115.52
900784,27205,10-09-2025 05:51,46.1
900785,19169,10-09-2025 06:11,40.26
900786,10813,10-09-2025 06:20,49.33
900787,17060,10-09-2025 07:12,9
900788,24708,10-09-2025 07:27,66.19
900789,10310,10-09-2025 08:00,74.57
900790,13517,10-09-2025 08:23,73.76
900791,19069,10-09-2025 08:24,32.19
900792,5778,10-09-2025 08:48,70.84
900793,29151,10-09-2025 09:06,40.38
900794,11308,10-09-2025 09:29,78.91
900795,28953,10-09-2025 09:37,60.78
900796,10448,10-09-2025 09:38,31.84
900797,9848,10-09-2025 10:32,133.64
900798,28360,10-09-2025 10:37,109.02
900799,13645,10-09-2025 11:00,61.28
900800,27423,10-09-2025 11:08,84.84
900801,526,10-09-2025 11:18,28.38
900802,28228,10-09-2025 12:08,66.92
900803,28742,10-09-2025 12:25,58.32
900804,26484,10-09-2025 12:29,54.45
900805,13903,10-09-2025 12:34,38.32
900806,13997,10-09-2025 13:01,32.17
900807,13593,10-09-2025 13:50,95.08
900808,20327,10-09-2025 14:19,72.07
900809,28293,10-09-2025 14:30,81.77
900810,19069,10-09-2025 14:31,114.82
900811,6945,10-09-2025 14:50,39.82
900812,21590,10-09-2025 15:38,83.25
900813,29920,10-09-2025 15:47,53.54
900814,17721,10-09-2025 15:48,45.41
900815,30261,10-09-2025 15:52,39.93
900816,28782,10-09-2025 15:54,26.85
900817,3816,10-09-2025 16:14,61.96
900818,763,10-09-2025 16:17,32.03
900819,28826,10-09-2025 16:18,50.71
900820,2905,10-09-2025 16:30,85.12
900821,26474,10-09-2025 16:34,63.9
900822,28563,10-09-2025 17:11,112.61
900823,13381,10-09-2025 17:22,28.92
900824,2276,10-09-2025 17:33,81.6
900825,2894,10-09-2025 17:56,29.28
900826,2287,10-09-2025 18:13,43.5
900827,19620,10-09-2025 18:13,59.37
900828,10555,10-09-2025 18:13,100.22
900829,22760,10-09-2025 18:14,64.38
900830,15718,10-09-2025 18:14,71.21
900831,29249,10-09-2025 18:15,35.92
900832,25124,10-09-2025 18:26,73.52
900833,22003,10-09-2025 18:50,97.93
900834,30797,10-09-2025 19:10,32.38
900835,27564,10-09-2025 19:11,13.62
900836,17937,10-09-2025 19:17,40.28
900837,10886,10-09-2025 19:29,88.55
900838,17187,10-09-2025 19:52,56.17
900839,7340,10-09-2025 21:06,67.24
900840,4600,10-09-2025 21:06,56.96
900841,19934,10-09-2025 21:40,53.26
900842,29978,10-09-2025 22:45,50.72
900843,17487,10-09-2025 22:53,102.07
900844,4194,10-09-2025 22:56,71.88
900845,22335,10-09-2025 23:54,64.94
900846,12371,10-09-2025 23:58,66.68
900847,5391,11-09-2025 00:01,9.48
900848,20536,11-09-2025 00:14,60.15
900849,5101,11-09-2025 00:49,71.28
900850,20662,11-09-2025 00:53,123.76
900851,4720,11-09-2025 02:12,35.69
900852,7200,11-09-2025 02:19,87.07
900853,24261,11-09-2025 03:13,73.04
900854,13275,11-09-2025 03:15,45.15
900855,4975,11-09-2025 03:32,31.85
900856,25970,11-09-2025 03:57,79.14
900857,29574,11-09-2025 04:04,73.86
900858,26082,11-09-2025 04:07,82.95
900859,26981,11-09-2025 04:24,61.38
900860,24924,11-09-2025 04:33,46.36
900861,6968,11-09-2025 04:47,100.2
900862,21782,11-09-2025 04:51,58.03
900863,30102,11-09-2025 05:27,84.04
900864,26693,11-09-2025 05:39,54.31
900865,25139,11-09-2025 05:48,68.04
900866,25970,11-09-2025 06:13,64.58
900867,21007,11-09-2025 06:44,96.92
900868,28680,11-09-2025 07:37,22.38
900869,25475,11-09-2025 07:46,60.84
900870,27821,11-09-2025 08:18,85.42
900871,16974,11-09-2025 08:36,109.68
900872,27558,11-09-2025 09:45,84.06
900873,7487,11-09-2025 09:46,33.81
900874,23475,11-09-2025 09:48,75.62
900875,2792,11-09-2025 09:56,75.93
900876,28820,11-09-2025 10:00,41.86
900877,20982,11-09-2025 10:25,71.61
900878,14995,11-09-2025 10:28,48.88
900879,4336,11-09-2025 10:42,107.71
900880,5891,11-09-2025 10:51,45.98
900881,701,11-09-2025 10:52,110.74
900882,12641,11-09-2025 12:00,51.59
900883,2571,11-09-2025 12:02,72.45
900884,20982,11-09-2025 12:05,13.92
900885,1707,11-09-2025 12:09,26.24
900886,9337,11-09-2025 12:23,117.01
900887,30638,11-09-2025 14:06,99.48
900888,16285,11-09-2025 14:14,67.17
900889,29826,11-09-2025 14:17,119.16
900890,20335,11-09-2025 14:17,59.13
900891,13291,11-09-2025 15:15,21.04
900892,29419,11-09-2025 15:42,17
900893,2797,11-09-2025 16:11,85.38
900894,25701,11-09-2025 16:24,47.05
900895,21727,11-09-2025 16:26,114.37
900896,2502,11-09-2025 16:26,101.13
900897,4310,11-09-2025 16:48,95.13
900898,13081,11-09-2025 17:03,70.83
900899,14180,11-09-2025 17:19,67.34
900900,29962,11-09-2025 17:48,64.17
900901,23295,11-09-2025 18:01,42.43
900902,11813,11-09-2025 18:12,97.21
900903,10473,11-09-2025 18:54,80.85
900904,28396,11-09-2025 19:25,44.16
900905,25999,11-09-2025 19:28,91.15
900906,8558,11-09-2025 19:28,75.55
900907,1398,11-09-2025 19:32,51.02
900908,2568,11-09-2025 19:35,47.13
900909,980,11-09-2025 20:04,111.5
900910,9430,11-09-2025 20:34,48.07
900911,20551,11-09-2025 20:35,54.41
900912,11918,11-09-2025 21:02,83.12
900913,13614,11-09-2025 22:14,104.25
900914,20635,11-09-2025 22:27,15.53
900915,4588,11-09-2025 22:30,48
900916,11705,11-09-2025 22:38,62.2
900917,6549,11-09-2025 22:47,26.78
900918,2285,11-09-2025 22:54,56.64
900919,26522,11-09-2025 23:32,81.94
900920,29381,11-09-2025 23:33,62.17
900921,7694,12-09-2025 00:09,71.05
900922,11455,12-09-2025 00:16,47.09
900923,15636,12-09-2025 00:24,64.36
900924,9954,12-09-2025 00:32,96.05
900925,16101,12-09-2025 01:02,41.81
900926,12952,12-09-2025 01:47,30.96
900927,5134,12-09-2025 01:54,48.59
900928,20664,12-09-2025 02:21,76.44
900929,21037,12-09-2025 02:25,62.79
900930,22712,12-09-2025 04:01,110.69
900931,19053,12-09-2025 04:15,25.16
900932,24039,12-09-2025 04:28,9
900933,4842,12-09-2025 04:36,56.01
900934,18414,12-09-2025 04:47,82.19
900935,272,12-09-2025 05:08,65.26
900936,26403,12-09-2025 05:29,77.32
900937,21667,12-09-2025 05:43,66.87
900938,29776,12-09-2025 05:43,74.47
900939,27778,12-09-2025 05:53,55.72
900940,725,12-09-2025 05:53,70.19
900941,1771,12-09-2025 06:02,19.46
900942,8793,12-09-2025 06:07,41.77
900943,4476,12-09-2025 06:11,67.56
900944,26928,12-09-2025 06:21,26.98
900945,6088,12-09-2025 06:24,99.77
900946,13968,12-09-2025 06:45,65.9
900947,6869,12-09-2025 07:17,68.63
900948,22919,12-09-2025 07:25,78.31
900949,17953,12-09-2025 07:41,70.27
900950,7952,12-09-2025 08:03,114.48
900951,15556,12-09-2025 08:19,58.49
900952,16935,12-09-2025 08:24,41.66
900953,9510,12-09-2025 08:34,88.35
900954,24839,12-09-2025 08:35,15.29
900955,2530,12-09-2025 08:48,87.68
900956,14105,12-09-2025 08:54,95.79
900957,21991,12-09-2025 08:57,80.51
900958,7451,12-09-2025 09:02,51.29
900959,22449,12-09-2025 09:04,51.3
900960,16948,12-09-2025 09:07,92.7
900961,6757,12-09-2025 09:19,30.87
900962,8594,12-09-2025 09:35,68.85
900963,14614,12-09-2025 09:36,66.34
900964,17270,12-09-2025 09:36,49.65
900965,3422,12-09-2025 09:47,48.95
900966,10943,12-09-2025 09:50,55.6
900967,6659,12-09-2025 09:51,63.74
900968,16405,12-09-2025 10:09,88
900969,26646,12-09-2025 10:45,59.16
900970,26325,12-09-2025 10:54,125.39
900971,6806,12-09-2025 11:04,36.6
900972,5905,12-09-2025 11:27,63.46
900973,4008,12-09-2025 11:35,78.21
900974,18171,12-09-2025 12:02,71.72
900975,17515,12-09-2025 12:06,82.94
900976,7132,12-09-2025 12:26,72.82
900977,7870,12-09-2025 12:37,68.52
900978,14209,12-09-2025 12:38,88.44
900979,10504,12-09-2025 12:47,68.74
900980,8088,12-09-2025 12:55,57.86
900981,26864,12-09-2025 13:00,98.17
900982,11379,12-09-2025 13:29,39.75
900983,18209,12-09-2025 13:33,42.66
900984,24625,12-09-2025 14:02,26.66
900985,8663,12-09-2025 14:28,48.78
900986,21823,12-09-2025 14:31,58.2
900987,18890,12-09-2025 14:43,74.34
900988,10900,12-09-2025 14:54,67.46
900989,6337,12-09-2025 15:13,49.81
900990,21109,12-09-2025 15:19,72.56
900991,11787,12-09-2025 15:29,70.46
900992,28856,12-09-2025 15:32,13.3
900993,21251,12-09-2025 15:37,44.83
900994,23116,12-09-2025 15:44,35.1
900995,26622,12-09-2025 16:08,35.91
900996,11175,12-09-2025 16:20,89.97
900997,4949,12-09-2025 16:20,107.85
900998,4526,12-09-2025 16:49,87.44
900999,28115,12-09-2025 16:51,56.78
901000,23119,12-09-2025 17:09,78.28
901001,24236,12-09-2025 17:20,49.76
901002,28464,12-09-2025 17:54,130.74
901003,5220,12-09-2025 18:09,52.51
901004,2568,12-09-2025 18:19,96.45
901005,9292,12-09-2025 18:36,23.23
901006,28448,12-09-2025 18:39,78.47
901007,3929,12-09-2025 18:43,56.68
901008,5690,12-09-2025 18:44,50.38
901009,28830,12-09-2025 18:47,20.31
901010,27778,12-09-2025 19:05,90.64
901011,25050,12-09-2025 19:32,77.22
901012,15728,12-09-2025 19:32,71.12
901013,27370,12-09-2025 19:41,85.29
901014,8866,12-09-2025 20:04,61.48
901015,13060,12-09-2025 20:16,83.43
901016,21155,12-09-2025 20:29,39.34
901017,27193,12-09-2025 20:54,60.85
901018,9926,12-09-2025 21:01,94.56
901019,29944,12-09-2025 21:06,62.94
901020,27668,12-09-2025 21:11,35.48
901021,6920,12-09-2025 21:45,122
901022,20327,12-09-2025 21:51,64.14
901023,2883,12-09-2025 22:09,81.35
901024,2530,12-09-2025 22:54,81.24
901025,20428,12-09-2025 22:56,70.01
901026,14614,12-09-2025 22:57,65.24
901027,949,12-09-2025 23:38,59.98
901028,19499,13-09-2025 01:10,55.88
901029,26142,13-09-2025 01:40,32.45
901030,10702,13-09-2025 01:42,37.93
901031,27309,13-09-2025 01:52,56.93
901032,23344,13-09-2025 02:00,71.78
901033,9919,13-09-2025 02:09,96.67
901034,7091,13-09-2025 02:25,41.08
901035,11884,13-09-2025 02:36,95.2
901036,15511,13-09-2025 02:39,30.52
901037,17443,13-09-2025 02:48,75.1
901038,3201,13-09-2025 03:40,70.73
901039,14744,13-09-2025 04:31,63.47
901040,21668,13-09-2025 04:44,26.98
901041,22221,13-09-2025 04:45,75.06
901042,10610,13-09-2025 05:01,45.73
901043,20874,13-09-2025 05:02,96.25
901044,17187,13-09-2025 05:22,53.75
901045,12262,13-09-2025 05:34,61.34
901046,9487,13-09-2025 05:38,64.97
901047,7091,13-09-2025 06:03,76.19
901048,4241,13-09-2025 06:25,70.36
901049,9491,13-09-2025 06:35,95.64
901050,23294,13-09-2025 06:37,86.97
901051,23119,13-09-2025 06:38,101.31
901052,23104,13-09-2025 06:53,42.22
901053,28138,13-09-2025 07:00,70.86
901054,12635,13-09-2025 07:06,67.32
901055,24848,13-09-2025 07:06,69.46
901056,12796,13-09-2025 08:07,41.31
901057,21595,13-09-2025 08:16,20.06
901058,2155,13-09-2025 08:27,93.41
901059,21839,13-09-2025 08:28,16.55
901060,15970,13-09-2025 09:11,34.69
901061,25315,13-09-2025 09:22,86.61
901062,23283,13-09-2025 09:26,74.04
901063,27309,13-09-2025 09:34,59.2
901064,13209,13-09-2025 09:58,15.44
901065,10849,13-09-2025 10:33,39.42
901066,18347,13-09-2025 10:40,57.59
901067,494,13-09-2025 10:45,53.96
901068,26325,13-09-2025 10:54,110.86
901069,26065,13-09-2025 10:56,53.76
901070,14042,13-09-2025 11:06,75.34
901071,30629,13-09-2025 11:12,51.51
901072,23800,13-09-2025 12:42,55.61
901073,20289,13-09-2025 12:42,58.44
901074,6022,13-09-2025 12:45,18.57
901075,19060,13-09-2025 12:56,69.13
901076,10901,13-09-2025 13:27,80.39
901077,25856,13-09-2025 13:37,75.98
901078,7399,13-09-2025 14:09,42.83
901079,21159,13-09-2025 14:17,44.91
901080,22211,13-09-2025 14:37,52.77
901081,10142,13-09-2025 14:47,67.1
901082,30600,13-09-2025 14:50,9
901083,18738,13-09-2025 14:55,81.97
901084,680,13-09-2025 15:14,46.77
901085,12398,13-09-2025 15:22,35.75
901086,15844,13-09-2025 16:03,13.35
901087,2209,13-09-2025 16:17,70.98
901088,22854,13-09-2025 16:29,50.03
901089,25853,13-09-2025 16:43,38.71
901090,2829,13-09-2025 17:02,32.61
901091,22821,13-09-2025 17:25,86.69
901092,19478,13-09-2025 17:33,85.65
901093,21459,13-09-2025 17:52,31.25
901094,23039,13-09-2025 18:30,68.42
901095,29243,13-09-2025 18:39,92.39
901096,14101,13-09-2025 18:47,14.24
901097,16816,13-09-2025 19:06,23.16
901098,14423,13-09-2025 19:14,44.5
901099,23344,13-09-2025 19:17,80.56
901100,1619,13-09-2025 19:36,68.2
901101,11011,13-09-2025 19:38,83.72
901102,26087,13-09-2025 19:48,65.22
901103,8877,13-09-2025 20:03,44.16
901104,7765,13-09-2025 20:23,133.32
901105,22468,13-09-2025 20:39,49.78
901106,27938,13-09-2025 20:39,68.69
901107,26060,13-09-2025 20:40,45.5
901108,14952,13-09-2025 21:10,47.7
901109,5381,13-09-2025 21:17,62.56
901110,3932,13-09-2025 21:46,20.26
901111,27836,13-09-2025 21:56,9
901112,27595,13-09-2025 22:11,30.76
901113,22804,13-09-2025 22:25,72.13
901114,26065,13-09-2025 22:29,45.25
901115,22557,13-09-2025 22:36,70.5
901116,14042,13-09-2025 22:38,80.3
901117,12641,13-09-2025 23:03,105.38
901118,16187,13-09-2025 23:33,81.11
901119,21430,13-09-2025 23:39,91.9
901120,1128,13-09-2025 23:49,26.7
901121,1058,14-09-2025 00:05,74.95
901122,26892,14-09-2025 00:37,34.84
901123,18162,14-09-2025 00:55,48.4
901124,12725,14-09-2025 01:35,102.82
901125,15065,14-09-2025 02:15,57.79
901126,23897,14-09-2025 02:32,129.51
901127,10143,14-09-2025 02:33,109.51
901128,23629,14-09-2025 02:51,74.47
901129,9644,14-09-2025 03:13,33.78
901130,28086,14-09-2025 03:35,93.57
901131,9849,14-09-2025 04:34,51.74
901132,20752,14-09-2025 04:48,71.51
901133,5167,14-09-2025 04:51,100.98
901134,14955,14-09-2025 04:55,68.77
901135,8802,14-09-2025 04:56,51.18
901136,23777,14-09-2025 05:01,102.43
901137,1723,14-09-2025 05:11,10.43
901138,9671,14-09-2025 05:21,23.01
901139,21390,14-09-2025 05:46,99.71
901140,21959,14-09-2025 06:00,87.17
901141,12628,14-09-2025 06:07,12.61
901142,1371,14-09-2025 06:15,89.19
901143,24919,14-09-2025 06:27,64.65
901144,26665,14-09-2025 06:37,53.16
901145,23673,14-09-2025 06:43,106.31
901146,1073,14-09-2025 07:07,54.4
901147,863,14-09-2025 07:08,81.59
901148,22191,14-09-2025 07:43,62.73
901149,24125,14-09-2025 08:34,73.88
901150,11007,14-09-2025 08:50,105.49
901151,19840,14-09-2025 09:14,53.89
901152,14192,14-09-2025 09:22,29.85
901153,6358,14-09-2025 09:44,60.4
901154,25975,14-09-2025 09:54,87.68
901155,27687,14-09-2025 10:06,75.08
901156,8109,14-09-2025 10:12,84.28
901157,3508,14-09-2025 10:30,109.41
901158,7540,14-09-2025 10:35,51.98
901159,27981,14-09-2025 11:26,25.43
901160,2840,14-09-2025 11:54,104.46
901161,30333,14-09-2025 12:34,65.89
901162,13560,14-09-2025 12:38,44.34
901163,21686,14-09-2025 12:47,78.4
901164,30858,14-09-2025 13:02,56.5
901165,17200,14-09-2025 13:05,51.66
901166,23647,14-09-2025 13:09,35.71
901167,5905,14-09-2025 13:10,47.65
901168,22754,14-09-2025 13:28,102.71
901169,29300,14-09-2025 13:36,36.38
901170,27701,14-09-2025 13:36,42.81
901171,27931,14-09-2025 13:37,9
901172,9698,14-09-2025 13:43,73.88
901173,2281,14-09-2025 13:45,29.31
901174,30769,14-09-2025 14:01,71.71
901175,27564,14-09-2025 14:28,90.68
901176,2479,14-09-2025 14:57,71.08
901177,6584,14-09-2025 15:10,62.65
901178,8109,14-09-2025 15:16,106.86
901179,19676,14-09-2025 15:16,63.55
901180,6595,14-09-2025 15:25,50.65
901181,20937,14-09-2025 15:33,77.13
901182,13472,14-09-2025 15:41,81.09
901183,1400,14-09-2025 15:45,79.6
901184,6015,14-09-2025 16:00,65.96
901185,30281,14-09-2025 16:14,44.35
901186,21010,14-09-2025 16:35,88.9
901187,1412,14-09-2025 17:00,75.26
901188,30284,14-09-2025 17:00,59.06
901189,25567,14-09-2025 17:15,84.28
901190,24652,14-09-2025 17:37,115.8
901191,13886,14-09-2025 17:46,122.31
901192,2188,14-09-2025 17:51,117.49
901193,29654,14-09-2025 17:55,56.43
901194,8088,14-09-2025 17:56,93.58
901195,7765,14-09-2025 17:59,78.84
901196,3171,14-09-2025 18:04,59.6
901197,15481,14-09-2025 18:25,78.7
901198,17197,14-09-2025 18:26,54.51
901199,7600,14-09-2025 18:58,140.85
901200,10357,14-09-2025 19:00,96.85
901201,6465,14-09-2025 19:04,60.35
901202,12731,14-09-2025 19:11,55.73
901203,26170,14-09-2025 19:17,47.24
901204,4806,14-09-2025 19:18,9
901205,21839,14-09-2025 19:37,78.94
901206,19650,14-09-2025 19:45,62.84
901207,4068,14-09-2025 20:07,61.53
901208,16550,14-09-2025 21:38,112.45
901209,22577,14-09-2025 21:41,65.95
901210,20289,14-09-2025 22:04,69.73
901211,11663,14-09-2025 22:16,86.79
901212,25657,14-09-2025 22:17,66.25
901213,12295,14-09-2025 22:30,59.78
901214,25445,14-09-2025 22:34,75.2
901215,27999,14-09-2025 22:49,75.08
901216,9919,14-09-2025 23:10,66.43
901217,23311,14-09-2025 23:20,33.93
901218,1894,14-09-2025 23:35,70.36
901219,13109,14-09-2025 23:44,56.55
901220,6833,14-09-2025 23:55,40.15
901221,6737,15-09-2025 00:11,77.25
901222,30646,15-09-2025 00:26,65.57
901223,8646,15-09-2025 00:30,58.22
901224,19293,15-09-2025 01:49,103.87
901225,2829,15-09-2025 02:28,18.08
901226,18433,15-09-2025 02:50,69.13
901227,10855,15-09-2025 03:26,31.73
901228,16371,15-09-2025 03:37,67.32
901229,22468,15-09-2025 03:48,11.72
901230,16322,15-09-2025 03:50,61.49
901231,1859,15-09-2025 03:56,30.44
901232,2504,15-09-2025 03:56,75.86
901233,8215,15-09-2025 04:31,52.14
901234,18593,15-09-2025 04:32,18.41
901235,5337,15-09-2025 04:54,86.58
901236,14896,15-09-2025 05:04,61.97
901237,24462,15-09-2025 06:03,45.31
901238,29808,15-09-2025 06:03,72.03
901239,8255,15-09-2025 06:10,59.64
901240,21849,15-09-2025 07:05,42.97
901241,2706,15-09-2025 07:12,77.89
901242,18786,15-09-2025 07:41,35.46
901243,19191,15-09-2025 08:04,107.38
901244,20118,15-09-2025 08:12,56.81
901245,2365,15-09-2025 08:25,66.77
901246,14579,15-09-2025 08:29,27.7
901247,13286,15-09-2025 08:55,58.73
901248,9315,15-09-2025 09:18,65.76
901249,22538,15-09-2025 09:39,25.15
901250,17291,15-09-2025 09:46,98.61
901251,23644,15-09-2025 09:59,96.04
901252,21548,15-09-2025 09:59,69.25
901253,21159,15-09-2025 10:36,73.46
901254,22581,15-09-2025 10:49,80.43
901255,25736,15-09-2025 11:05,41.6
901256,21823,15-09-2025 11:56,83.45
901257,3707,15-09-2025 11:59,22.06
901258,4571,15-09-2025 12:51,48.26
901259,51,15-09-2025 13:05,106.77
901260,5508,15-09-2025 13:16,48.01
901261,10763,15-09-2025 13:25,86.29
901262,26886,15-09-2025 13:47,9
901263,28035,15-09-2025 14:13,67.36
901264,9378,15-09-2025 14:13,51.45
901265,30070,15-09-2025 14:15,38.6
901266,20722,15-09-2025 14:37,91.34
901267,16976,15-09-2025 15:02,27.5
901268,27156,15-09-2025 15:16,45.41
901269,4663,15-09-2025 15:33,71.62
901270,14517,15-09-2025 15:39,55.5
901271,8095,15-09-2025 16:08,94.92
901272,20676,15-09-2025 16:16,77.6
901273,17095,15-09-2025 16:20,80.81
901274,4699,15-09-2025 17:38,76.21
901275,4499,15-09-2025 17:45,23.19
901276,30241,15-09-2025 18:03,39.27
901277,7521,15-09-2025 18:29,85.64
901278,29282,15-09-2025 18:31,109.97
901279,18663,15-09-2025 18:37,35.73
901280,28959,15-09-2025 18:40,77.7
901281,7132,15-09-2025 19:20,10.28
901282,1859,15-09-2025 19:21,89.14
901283,6475,15-09-2025 19:28,30.59
901284,27375,15-09-2025 19:35,56.69
901285,7740,15-09-2025 19:42,118.97
901286,19193,15-09-2025 19:44,47.15
901287,1394,15-09-2025 20:13,49.64
901288,22205,15-09-2025 20:24,45.22
901289,8107,15-09-2025 20:35,77.26
901290,26599,15-09-2025 20:55,51.95
901291,22257,15-09-2025 20:58,52.91
901292,26147,15-09-2025 21:02,47.74
901293,2256,15-09-2025 21:37,34.66
901294,5937,15-09-2025 21:41,77.47
901295,19579,15-09-2025 21:46,90.06
901296,21238,15-09-2025 21:48,85.3
901297,19449,15-09-2025 21:51,9
901298,12867,15-09-2025 21:58,87.13
901299,526,15-09-2025 22:01,97
901300,2629,15-09-2025 22:07,98.59
901301,9899,15-09-2025 22:42,38.72
901302,27990,15-09-2025 22:42,16.16
901303,10817,15-09-2025 22:45,48.73
901304,21182,15-09-2025 23:15,20.89
901305,27273,15-09-2025 23:29,89.38
901306,8219,15-09-2025 23:36,48.32
901307,22862,15-09-2025 23:47,67.15
901308,3732,15-09-2025 23:49,62.14
901309,11746,15-09-2025 23:51,76.91
901310,27057,16-09-2025 00:09,58.58
901311,5690,16-09-2025 00:49,81
901312,11889,16-09-2025 00:50,100.49
901313,16252,16-09-2025 00:51,83.14
901314,19494,16-09-2025 00:59,46.8
901315,17308,16-09-2025 01:30,67.31
901316,16138,16-09-2025 02:00,59.61
901317,7972,16-09-2025 02:18,119.5
901318,16947,16-09-2025 02:27,69.73
901319,19867,16-09-2025 03:20,27.79
901320,14057,16-09-2025 03:33,48.86
901321,27940,16-09-2025 04:01,30.69
901322,27579,16-09-2025 04:05,32.58
901323,9200,16-09-2025 04:18,93.98
901324,9427,16-09-2025 04:22,92.9
901325,15615,16-09-2025 04:37,75.34
901326,7630,16-09-2025 05:07,20.31
901327,17741,16-09-2025 05:10,26.75
901328,14699,16-09-2025 05:35,68.22
901329,25310,16-09-2025 05:39,58.38
901330,15277,16-09-2025 06:05,62.94
901331,19128,16-09-2025 06:20,60.22
901332,23553,16-09-2025 06:22,85.27
901333,19662,16-09-2025 07:04,96.18
901334,15055,16-09-2025 07:18,49.63
901335,3845,16-09-2025 07:23,27.21
901336,23564,16-09-2025 07:34,83.34
901337,1356,16-09-2025 07:38,73.09
901338,27339,16-09-2025 07:56,63.98
901339,20255,16-09-2025 08:13,80.71
901340,8614,16-09-2025 08:16,52.89
901341,29233,16-09-2025 08:25,40.55
901342,8847,16-09-2025 08:49,89.66
901343,6947,16-09-2025 08:53,59.87
901344,7048,16-09-2025 09:12,74.46
901345,16628,16-09-2025 09:18,83.02
901346,28940,16-09-2025 09:38,76.82
901347,21855,16-09-2025 10:02,93.34
901348,10517,16-09-2025 10:03,43.95
901349,26930,16-09-2025 10:20,69.13
901350,29337,16-09-2025 10:23,43.28
901351,5391,16-09-2025 11:02,57.24
901352,21492,16-09-2025 11:09,45.2
901353,29214,16-09-2025 11:59,33.12
901354,3466,16-09-2025 12:15,42.39
901355,13322,16-09-2025 12:27,104.81
901356,1318,16-09-2025 12:27,81.36
901357,6613,16-09-2025 12:33,116.15
901358,24871,16-09-2025 12:38,67.45
901359,19087,16-09-2025 12:55,116.24
901360,20118,16-09-2025 13:03,60.28
901361,27849,16-09-2025 13:09,79.1
901362,11252,16-09-2025 13:40,70.75
901363,23075,16-09-2025 13:45,80.04
901364,2875,16-09-2025 13:55,78.59
901365,1340,16-09-2025 14:02,36.85
901366,6595,16-09-2025 14:34,66.66
901367,2215,16-09-2025 14:38,82.8
901368,29422,16-09-2025 14:54,50.47
901369,12272,16-09-2025 15:10,9
901370,26250,16-09-2025 16:00,36.19
901371,21597,16-09-2025 16:03,51.77
901372,16750,16-09-2025 16:11,64.93
901373,29431,16-09-2025 16:25,36.71
901374,5363,16-09-2025 16:43,82.82
901375,28752,16-09-2025 16:56,45.16
901376,25206,16-09-2025 17:03,79.13
901377,22553,16-09-2025 17:12,12.43
901378,28464,16-09-2025 17:17,45.92
901379,9862,16-09-2025 17:49,70.42
901380,14209,16-09-2025 17:51,59.55
901381,27079,16-09-2025 17:54,105.58
901382,26615,16-09-2025 18:00,31.63
901383,19846,16-09-2025 18:07,71.59
901384,4761,16-09-2025 18:08,27.05
901385,1619,16-09-2025 18:26,48.33
901386,25555,16-09-2025 18:34,73.03
901387,19594,16-09-2025 18:36,82.37
901388,4662,16-09-2025 18:55,55.85
901389,10343,16-09-2025 19:19,70.17
901390,22128,16-09-2025 19:34,92.67
901391,3222,16-09-2025 19:39,21.34
901392,9024,16-09-2025 19:55,55.87
901393,5306,16-09-2025 20:39,75.05
901394,6041,16-09-2025 21:10,78.76
901395,12846,16-09-2025 21:15,14.47
901396,14117,16-09-2025 21:32,84.03
901397,14609,16-09-2025 21:55,27.22
901398,1969,16-09-2025 23:02,93.76
901399,25315,16-09-2025 23:07,69.46
901400,17539,16-09-2025 23:23,44.64
901401,23796,16-09-2025 23:25,79.41
901402,17400,17-09-2025 00:14,47.14
901403,548,17-09-2025 00:20,57.21
901404,19676,17-09-2025 01:31,65.89
901405,5654,17-09-2025 01:56,31.76
901406,27138,17-09-2025 02:19,43.13
901407,23647,17-09-2025 02:20,65.6
901408,2006,17-09-2025 02:42,75.98
901409,15812,17-09-2025 02:56,86.77
901410,26229,17-09-2025 03:00,112.75
901411,1356,17-09-2025 03:36,82.17
901412,27671,17-09-2025 03:57,67.06
901413,6022,17-09-2025 04:11,70.22
901414,4603,17-09-2025 04:40,58.37
901415,3522,17-09-2025 04:41,64.71
901416,6467,17-09-2025 05:01,94.79
901417,20067,17-09-2025 05:09,25.68
901418,9315,17-09-2025 05:16,82.54
901419,13249,17-09-2025 05:23,13.33
901420,16672,17-09-2025 05:30,72.35
901421,8334,17-09-2025 05:31,69.31
901422,20469,17-09-2025 05:37,69.34
901423,12398,17-09-2025 05:51,102.37
901424,5893,17-09-2025 06:08,79.62
901425,13060,17-09-2025 06:23,35.52
901426,14626,17-09-2025 06:36,20.81
901427,11024,17-09-2025 07:19,35.04
901428,2760,17-09-2025 07:22,77.96
901429,19869,17-09-2025 07:41,38.83
901430,19629,17-09-2025 09:22,98.76
901431,1586,17-09-2025 09:38,109.15
901432,20137,17-09-2025 10:02,119.88
901433,19195,17-09-2025 10:16,59.39
901434,25975,17-09-2025 10:25,36.54
901435,27655,17-09-2025 10:26,78.57
901436,25655,17-09-2025 10:49,70.2
901437,30097,17-09-2025 10:53,62.59
901438,13757,17-09-2025 11:27,22.54
901439,4431,17-09-2025 11:38,75.75
901440,20137,17-09-2025 12:21,113.76
901441,11588,17-09-2025 12:45,51.91
901442,10507,17-09-2025 12:59,63.99
901443,9932,17-09-2025 13:30,84.27
901444,30989,17-09-2025 13:57,99.19
901445,22209,17-09-2025 14:11,85.18
901446,3146,17-09-2025 14:36,16.41
901447,10364,17-09-2025 14:53,63.58
901448,7545,17-09-2025 15:13,88.56
901449,16296,17-09-2025 15:14,61.06
901450,25118,17-09-2025 15:20,45.74
901451,13324,17-09-2025 15:34,44.86
901452,16012,17-09-2025 15:34,57.76
901453,30767,17-09-2025 15:46,12.02
901454,4868,17-09-2025 15:47,84.2
901455,995,17-09-2025 15:53,81.61
901456,6402,17-09-2025 16:07,58.74
901457,995,17-09-2025 16:13,63.55
901458,17111,17-09-2025 16:28,32.64
901459,21393,17-09-2025 16:29,71.38
901460,5362,17-09-2025 16:43,77.76
901461,11474,17-09-2025 16:47,93.44
901462,17515,17-09-2025 16:49,53.22
901463,18268,17-09-2025 17:10,79.24
901464,16215,17-09-2025 17:43,55.76
901465,1400,17-09-2025 17:43,36.46
901466,8578,17-09-2025 17:54,44.69
901467,17909,17-09-2025 18:09,121.3
901468,1201,17-09-2025 18:40,33.51
901469,11912,17-09-2025 18:44,30.17
901470,1158,17-09-2025 19:27,33.77
901471,15738,17-09-2025 19:28,42.42
901472,17401,17-09-2025 19:36,81.11
901473,23681,17-09-2025 19:49,43.19
901474,7187,17-09-2025 19:50,79.97
901475,2249,17-09-2025 20:14,34.2
901476,4413,17-09-2025 20:31,49.5
901477,4398,17-09-2025 20:52,59.12
901478,5571,17-09-2025 20:55,30.17
901479,26625,17-09-2025 21:08,41.1
901480,10785,17-09-2025 21:20,72.73
901481,13027,17-09-2025 21:21,13.34
901482,20466,17-09-2025 21:28,118.57
901483,18424,17-09-2025 21:48,37.97
901484,3016,17-09-2025 21:57,68.58
901485,2252,17-09-2025 22:53,9.49
901486,13574,17-09-2025 22:55,107.56
901487,22274,17-09-2025 23:08,38.14
901488,13595,17-09-2025 23:08,100.9
901489,4806,17-09-2025 23:09,38.01
901490,8285,17-09-2025 23:13,65.47
901491,7754,17-09-2025 23:34,57.85
901492,8382,18-09-2025 00:09,47.52
901493,10507,18-09-2025 00:11,81.17
901494,26408,18-09-2025 00:13,50.47
901495,17138,18-09-2025 00:13,57.4
901496,2754,18-09-2025 00:24,69.87
901497,15966,18-09-2025 00:25,85.41
901498,20123,18-09-2025 00:25,92.76
901499,15108,18-09-2025 00:38,76.96
901500,16474,18-09-2025 00:48,48.48
901501,869,18-09-2025 00:50,28.6
901502,1160,18-09-2025 01:13,98.8
901503,26454,18-09-2025 01:33,89.35
901504,25886,18-09-2025 02:31,109.18
901505,25294,18-09-2025 02:36,32.34
901506,30659,18-09-2025 02:50,36.01
901507,6170,18-09-2025 02:51,23.73
901508,28452,18-09-2025 02:53,71.11
901509,1591,18-09-2025 03:01,67.22
901510,3379,18-09-2025 03:04,67.64
901511,29997,18-09-2025 03:33,54.51
901512,29626,18-09-2025 04:19,49.3
901513,15966,18-09-2025 04:20,122.95
901514,22678,18-09-2025 04:35,9
901515,18439,18-09-2025 04:51,77.44
901516,19195,18-09-2025 05:08,66.55
901517,4884,18-09-2025 05:17,81.23
901518,30896,18-09-2025 05:19,78.82
901519,27339,18-09-2025 05:37,30.8
901520,4661,18-09-2025 05:37,53.93
901521,18221,18-09-2025 05:48,99.65
901522,10504,18-09-2025 05:51,82.75
901523,1718,18-09-2025 06:01,45.05
901524,16398,18-09-2025 06:15,85.16
901525,21718,18-09-2025 06:24,36.62
901526,17514,18-09-2025 07:02,111.99
901527,4432,18-09-2025 07:03,65.91
901528,7879,18-09-2025 07:15,71.31
901529,28766,18-09-2025 07:35,69
901530,825,18-09-2025 07:39,101.35
901531,13663,18-09-2025 08:01,66.99
901532,8372,18-09-2025 08:03,35.82
901533,30584,18-09-2025 08:31,15.3
901534,30419,18-09-2025 08:40,84.93
901535,13771,18-09-2025 08:41,79.22
901536,29029,18-09-2025 09:11,46.02
901537,4786,18-09-2025 09:13,118.2
901538,7270,18-09-2025 09:35,44.68
901539,19434,18-09-2025 10:03,108.34
901540,28707,18-09-2025 10:03,35.03
901541,25542,18-09-2025 10:20,33.25
901542,23141,18-09-2025 10:37,18.65
901543,17851,18-09-2025 10:46,50.51
901544,16607,18-09-2025 10:49,63.9
901545,26850,18-09-2025 10:53,31.79
901546,7937,18-09-2025 11:21,57.92
901547,7393,18-09-2025 11:37,35.8
901548,8126,18-09-2025 11:53,89.37
901549,13511,18-09-2025 11:59,62.84
901550,11202,18-09-2025 12:05,43.57
901551,2450,18-09-2025 12:09,60.44
901552,12364,18-09-2025 12:17,47.67
901553,8655,18-09-2025 12:26,49.82
901554,14493,18-09-2025 12:32,62.26
901555,17893,18-09-2025 12:37,32.22
901556,2793,18-09-2025 12:38,73.68
901557,1702,18-09-2025 12:44,101.65
901558,21380,18-09-2025 12:55,97.18
901559,11853,18-09-2025 13:08,75.28
901560,6144,18-09-2025 13:22,90
901561,16008,18-09-2025 13:30,107.21
901562,18157,18-09-2025 13:54,60.51
901563,19856,18-09-2025 14:02,111.28
901564,25233,18-09-2025 14:11,34.7
901565,27246,18-09-2025 14:12,35.69
901566,9077,18-09-2025 14:14,68.81
901567,13207,18-09-2025 14:15,37.08
901568,20466,18-09-2025 14:29,105.69
901569,6532,18-09-2025 14:43,54.77
901570,19288,18-09-2025 14:51,71.62
901571,26808,18-09-2025 15:11,87.66
901572,17803,18-09-2025 15:16,74.8
901573,2579,18-09-2025 15:24,61.59
901574,4105,18-09-2025 15:35,13.28
901575,24740,18-09-2025 15:59,16.06
901576,19716,18-09-2025 16:12,87.73
901577,6067,18-09-2025 16:16,50.35
901578,14061,18-09-2025 16:37,90.02
901579,12899,18-09-2025 17:34,40.54
901580,21166,18-09-2025 17:55,62.32
901581,24905,18-09-2025 18:15,52.97
901582,25109,18-09-2025 18:19,96.1
901583,3187,18-09-2025 18:24,57.15
901584,13966,18-09-2025 18:25,36.97
901585,2403,18-09-2025 19:44,65.47
901586,2349,18-09-2025 20:14,60.22
901587,17689,18-09-2025 20:25,9
901588,3538,18-09-2025 20:40,98.6
901589,17363,18-09-2025 20:58,54.59
901590,27137,18-09-2025 21:27,66.87
901591,28291,18-09-2025 21:46,73.76
901592,12946,18-09-2025 21:59,57.97
901593,4613,18-09-2025 22:26,76.73
901594,6728,18-09-2025 22:28,11.78
901595,21700,18-09-2025 22:38,101.48
901596,19288,18-09-2025 23:07,84.13
901597,9004,18-09-2025 23:58,74.94
901598,1740,19-09-2025 00:05,89.57
901599,25584,19-09-2025 00:05,60.85
901600,23200,19-09-2025 00:30,101.89
901601,29385,19-09-2025 00:33,18.97
901602,8049,19-09-2025 00:44,68.77
901603,9061,19-09-2025 00:58,50.73
901604,14499,19-09-2025 01:00,90.96
901605,15968,19-09-2025 01:10,66.55
901606,18157,19-09-2025 01:17,49.63
901607,7904,19-09-2025 01:28,98.03
901608,12127,19-09-2025 01:41,76.26
901609,15982,19-09-2025 01:41,76.52
901610,5340,19-09-2025 01:44,87.09
901611,7342,19-09-2025 01:46,50.29
901612,28873,19-09-2025 01:53,38.45
901613,22209,19-09-2025 01:54,74.95
901614,25722,19-09-2025 01:56,64.79
901615,23419,19-09-2025 02:07,61.4
901616,14794,19-09-2025 02:19,73.32
901617,3081,19-09-2025 02:38,102.29
901618,203,19-09-2025 02:55,75.78
901619,3802,19-09-2025 03:55,22.18
901620,26522,19-09-2025 04:14,80.9
901621,232,19-09-2025 04:38,82.22
901622,15331,19-09-2025 04:42,43.87
901623,18301,19-09-2025 05:43,65.33
901624,7712,19-09-2025 06:30,102.65
901625,26757,19-09-2025 06:38,52.88
901626,17121,19-09-2025 06:59,92.53
901627,19064,19-09-2025 07:00,45.78
901628,5167,19-09-2025 07:36,110.82
901629,16274,19-09-2025 07:46,68.71
901630,2093,19-09-2025 08:22,70.76
901631,5003,19-09-2025 08:41,103.06
901632,7954,19-09-2025 09:25,105.16
901633,20501,19-09-2025 09:29,63.07
901634,24959,19-09-2025 09:40,54.96
901635,14503,19-09-2025 09:50,42.47
901636,10008,19-09-2025 10:20,82.15
901637,6229,19-09-2025 10:21,44.35
901638,13898,19-09-2025 10:33,69.87
901639,15170,19-09-2025 11:43,84.32
901640,5568,19-09-2025 11:46,56.94
901641,4342,19-09-2025 12:08,42.34
901642,8424,19-09-2025 12:10,64.26
901643,8596,19-09-2025 12:29,50.98
901644,30151,19-09-2025 12:33,58.4
901645,1153,19-09-2025 12:34,31.27
901646,23759,19-09-2025 12:35,58.35
901647,21896,19-09-2025 13:09,68.01
901648,25186,19-09-2025 13:49,64.73
901649,24462,19-09-2025 14:03,116.65
901650,6644,19-09-2025 14:09,15.13
901651,10407,19-09-2025 14:40,97.93
901652,19633,19-09-2025 15:57,87.71
901653,22125,19-09-2025 16:02,69.97
901654,19585,19-09-2025 16:40,42.36
901655,1629,19-09-2025 17:01,88.5
901656,25827,19-09-2025 17:18,69.69
901657,23661,19-09-2025 17:37,49.36
901658,20751,19-09-2025 18:03,54.06
901659,23567,19-09-2025 18:09,9
901660,703,19-09-2025 18:13,54.84
901661,26808,19-09-2025 18:21,66.76
901662,20976,19-09-2025 19:08,88.74
901663,1160,19-09-2025 19:16,47.52
901664,8947,19-09-2025 19:36,57.07
901665,28207,19-09-2025 19:36,52.56
901666,6670,19-09-2025 20:16,48.28
901667,12946,19-09-2025 20:24,61.53
901668,14198,19-09-2025 20:43,61.26
901669,9797,19-09-2025 21:02,55.74
901670,20448,19-09-2025 21:08,69.55
901671,13669,19-09-2025 21:11,41.35
901672,13560,19-09-2025 21:22,133.54
901673,21442,19-09-2025 21:23,49.33
901674,9280,19-09-2025 21:24,64.79
901675,3187,19-09-2025 21:28,62.18
901676,15469,19-09-2025 21:29,34.74
901677,20760,19-09-2025 22:15,86.9
901678,23992,19-09-2025 22:19,30.32
901679,25147,19-09-2025 22:31,63.98
901680,10104,19-09-2025 23:00,33.91
901681,25555,19-09-2025 23:10,47.65
901682,15646,19-09-2025 23:12,17.69
901683,27619,19-09-2025 23:15,68.73
901684,3766,19-09-2025 23:49,82.16
901685,12057,19-09-2025 23:51,27.86
901686,29731,19-09-2025 23:54,71.73
901687,8204,20-09-2025 00:00,76.91
901688,11797,20-09-2025 00:28,46.46
901689,2706,20-09-2025 00:39,9
901690,27137,20-09-2025 00:45,55.06
901691,24395,20-09-2025 00:57,65.15
901692,26792,20-09-2025 01:01,54.93
901693,22175,20-09-2025 01:08,86.82
901694,277,20-09-2025 01:11,33.53
901695,4862,20-09-2025 01:29,16.14
901696,17449,20-09-2025 01:42,43.32
901697,29448,20-09-2025 02:02,36.4
901698,21079,20-09-2025 02:11,102.99
901699,20769,20-09-2025 02:19,76.42
901700,12080,20-09-2025 02:24,56.65
901701,3381,20-09-2025 02:53,56.04
901702,7073,20-09-2025 03:16,54.54
901703,12068,20-09-2025 03:30,30.66
901704,19041,20-09-2025 03:30,67.55
901705,12116,20-09-2025 03:40,78.7
901706,6170,20-09-2025 03:44,31.31
901707,14919,20-09-2025 03:58,77.44
901708,22866,20-09-2025 04:21,43.17
901709,21495,20-09-2025 04:21,85.05
901710,28873,20-09-2025 04:33,45.69
901711,21918,20-09-2025 04:43,47.25
901712,16677,20-09-2025 05:04,68.33
901713,1708,20-09-2025 05:12,41.61
901714,8137,20-09-2025 05:19,67.64
901715,20506,20-09-2025 05:26,68.26
901716,11171,20-09-2025 05:34,64.24
901717,3217,20-09-2025 05:44,64.92
901718,10525,20-09-2025 05:52,44.97
901719,22609,20-09-2025 07:04,67.19
901720,2478,20-09-2025 07:44,73.89
901721,30365,20-09-2025 08:35,117.24
901722,13338,20-09-2025 09:32,94.22
901723,13333,20-09-2025 09:34,83.72
901724,20649,20-09-2025 09:52,84.41
901725,9809,20-09-2025 10:05,55.6
901726,5494,20-09-2025 10:38,85.16
901727,22143,20-09-2025 10:43,47.32
901728,3255,20-09-2025 10:46,65.62
901729,17109,20-09-2025 11:06,80.84
901730,11489,20-09-2025 11:09,59.33
901731,28458,20-09-2025 11:10,82.96
901732,11202,20-09-2025 11:33,96.29
901733,13862,20-09-2025 11:49,35.71
901734,26612,20-09-2025 11:58,65.02
901735,12267,20-09-2025 12:01,57.23
901736,24121,20-09-2025 12:18,86.69
901737,8524,20-09-2025 12:29,55.16
901738,5036,20-09-2025 13:09,32.57
901739,5910,20-09-2025 13:12,40.34
901740,23164,20-09-2025 13:30,76.62
901741,30838,20-09-2025 13:32,56.09
901742,6670,20-09-2025 13:35,70.22
901743,28412,20-09-2025 13:40,125.84
901744,7331,20-09-2025 13:44,67.97
901745,22437,20-09-2025 13:51,107.06
901746,22207,20-09-2025 13:56,98.02
901747,29077,20-09-2025 13:59,58.3
901748,19161,20-09-2025 14:07,69.52
901749,18540,20-09-2025 14:20,77.03
901750,10525,20-09-2025 14:22,66.57
901751,20170,20-09-2025 14:46,57.96
901752,21651,20-09-2025 14:53,79.73
901753,29858,20-09-2025 15:22,63.41
901754,12171,20-09-2025 15:49,30.36
901755,13040,20-09-2025 16:20,72.87
901756,7701,20-09-2025 17:21,22.09
901757,11115,20-09-2025 17:29,63.26
901758,15503,20-09-2025 17:30,21.55
901759,11163,20-09-2025 17:45,84.5
901760,27966,20-09-2025 18:24,63.76
901761,18167,20-09-2025 18:31,57.81
901762,10774,20-09-2025 18:53,67.62
901763,11359,20-09-2025 19:10,35.7
901764,19207,20-09-2025 19:13,43.67
901765,25324,20-09-2025 19:13,143.26
901766,2998,20-09-2025 19:13,55.34
901767,10492,20-09-2025 19:14,51.07
901768,21776,20-09-2025 19:17,60.38
901769,8827,20-09-2025 19:18,31.11
901770,20328,20-09-2025 19:41,52.01
901771,29102,20-09-2025 19:59,43.4
901772,28452,20-09-2025 20:00,52.59
901773,12887,20-09-2025 20:09,14.58
901774,22517,20-09-2025 20:23,63.26
901775,30554,20-09-2025 21:10,74.06
901776,1971,20-09-2025 21:48,9
901777,13843,20-09-2025 22:10,32.8
901778,88,20-09-2025 22:37,58.28
901779,886,20-09-2025 22:47,62.16
901780,3915,20-09-2025 23:03,9
901781,6494,20-09-2025 23:05,70.83
901782,1139,20-09-2025 23:38,63.12
901783,22143,21-09-2025 00:02,16.28
901784,21879,21-09-2025 00:04,101.35
901785,9214,21-09-2025 00:40,91.2
901786,12019,21-09-2025 00:48,24.75
901787,7331,21-09-2025 00:59,98.15
901788,28163,21-09-2025 01:01,60.39
901789,18994,21-09-2025 01:29,80.65
901790,13616,21-09-2025 01:29,73.47
901791,11203,21-09-2025 01:43,9
901792,28274,21-09-2025 01:46,60.54
901793,14422,21-09-2025 01:47,58.67
901794,19007,21-09-2025 02:42,61.28
901795,21698,21-09-2025 02:45,52.14
901796,25806,21-09-2025 02:50,55.71
901797,10941,21-09-2025 03:03,44.94
901798,30492,21-09-2025 03:09,60.58
901799,18714,21-09-2025 03:32,9
901800,8977,21-09-2025 03:34,49.19
901801,847,21-09-2025 03:38,60.4
901802,19218,21-09-2025 03:42,104.49
901803,24066,21-09-2025 03:44,54.88
901804,3646,21-09-2025 04:10,49.25
901805,24914,21-09-2025 04:13,112.02
901806,47,21-09-2025 05:13,85.09
901807,17832,21-09-2025 05:43,110.59
901808,4381,21-09-2025 05:53,71.5
901809,22581,21-09-2025 06:31,81.02
901810,15750,21-09-2025 06:39,39.55
901811,25381,21-09-2025 06:50,66.57
901812,22594,21-09-2025 06:53,100.02
901813,18572,21-09-2025 07:14,26.61
901814,2246,21-09-2025 07:36,13.24
901815,18452,21-09-2025 07:52,89
901816,2032,21-09-2025 08:00,24.47
901817,533,21-09-2025 08:08,22.9
901818,6327,21-09-2025 08:16,46.25
901819,2833,21-09-2025 08:23,47.58
901820,15257,21-09-2025 09:13,26.2
901821,20355,21-09-2025 09:20,92.28
901822,24836,21-09-2025 09:25,54.63
901823,21016,21-09-2025 10:07,58.38
901824,13589,21-09-2025 10:23,68.35
901825,28540,21-09-2025 10:25,15.97
901826,8455,21-09-2025 10:27,63.9
901827,10447,21-09-2025 10:41,32.04
901828,11115,21-09-2025 11:06,76.27
901829,2761,21-09-2025 11:12,87.83
901830,21136,21-09-2025 11:44,59.02
901831,10593,21-09-2025 11:54,20.28
901832,30548,21-09-2025 11:54,82.19
901833,19161,21-09-2025 11:54,46.69
901834,26437,21-09-2025 12:59,85.69
901835,24015,21-09-2025 13:01,59.69
901836,732,21-09-2025 13:01,68.24
901837,18452,21-09-2025 13:38,65.06
901838,21937,21-09-2025 14:04,69.78
901839,12820,21-09-2025 14:11,74.4
901840,28207,21-09-2025 14:37,69.42
901841,13391,21-09-2025 15:44,48.32
901842,30428,21-09-2025 15:45,40.47
901843,10322,21-09-2025 15:48,72.74
901844,5536,21-09-2025 15:57,100.57
901845,431,21-09-2025 16:24,81.84
901846,21283,21-09-2025 16:35,116.35
901847,996,21-09-2025 16:35,39.48
901848,8384,21-09-2025 17:08,122.06
901849,14467,21-09-2025 17:10,113.95
901850,16615,21-09-2025 17:16,68.73
901851,5271,21-09-2025 17:25,124.45
901852,20261,21-09-2025 17:31,87.44
901853,12030,21-09-2025 17:33,15.83
901854,28430,21-09-2025 18:34,12.63
901855,1006,21-09-2025 18:45,16.09
901856,15520,21-09-2025 19:05,75.04
901857,16758,21-09-2025 19:24,61.24
901858,20059,21-09-2025 19:27,52.9
901859,3710,21-09-2025 19:39,54.58
901860,16390,21-09-2025 19:46,52.59
901861,28113,21-09-2025 20:27,43.85
901862,18925,21-09-2025 20:36,9.76
901863,30713,21-09-2025 20:43,18.09
901864,13092,21-09-2025 21:00,98.26
901865,27247,21-09-2025 21:03,124.92
901866,25806,21-09-2025 21:57,64.46
901867,3766,21-09-2025 21:59,45.46
901868,13098,21-09-2025 22:11,53.92
901869,25540,21-09-2025 22:48,68.5
901870,6303,21-09-2025 22:57,82.85
901871,20393,21-09-2025 22:58,61.99
901872,17763,21-09-2025 23:21,51.39
901873,23373,21-09-2025 23:28,95.57
901874,6728,21-09-2025 23:42,80.59
901875,2914,22-09-2025 00:01,15.75
901876,27615,22-09-2025 00:07,75.77
901877,8564,22-09-2025 00:09,60.92
901878,7012,22-09-2025 00:24,86.68
901879,5026,22-09-2025 00:29,102.47
901880,10818,22-09-2025 01:06,68.97
901881,10049,22-09-2025 01:19,79.73
901882,30597,22-09-2025 01:19,25.4
901883,19011,22-09-2025 01:24,71.02
901884,26850,22-09-2025 01:27,47.89
901885,251,22-09-2025 01:30,69.36
901886,20387,22-09-2025 02:00,60.33
901887,11534,22-09-2025 02:15,90.43
901888,21776,22-09-2025 02:16,95.79
901889,177,22-09-2025 02:20,44
901890,28765,22-09-2025 02:23,67.86
901891,21656,22-09-2025 02:29,41.21
901892,884,22-09-2025 02:37,64.99
901893,24627,22-09-2025 02:50,36.24
901894,19501,22-09-2025 03:29,83.81
901895,3892,22-09-2025 03:31,76.85
901896,18491,22-09-2025 03:38,109.16
901897,12481,22-09-2025 04:08,56.22
901898,25684,22-09-2025 04:10,68.36
901899,15817,22-09-2025 04:18,78.85
901900,16280,22-09-2025 04:39,25.67
901901,25951,22-09-2025 04:46,23.46
901902,27019,22-09-2025 05:54,51.98
901903,28250,22-09-2025 06:05,41.24
901904,19115,22-09-2025 06:09,77.84
901905,10288,22-09-2025 06:53,63.04
901906,4050,22-09-2025 07:00,77.1
901907,15164,22-09-2025 07:14,62.97
901908,4848,22-09-2025 07:19,42.52
901909,4224,22-09-2025 07:25,51.53
901910,5250,22-09-2025 07:28,86.14
901911,4978,22-09-2025 07:33,9
901912,1392,22-09-2025 07:34,42.23
901913,21080,22-09-2025 07:34,66.42
901914,26092,22-09-2025 08:02,28.75
901915,16296,22-09-2025 08:06,50.81
901916,3824,22-09-2025 08:09,53.68
901917,2498,22-09-2025 08:11,71.35
901918,3402,22-09-2025 08:19,55.16
901919,3506,22-09-2025 08:30,68.88
901920,1272,22-09-2025 08:37,83.81
901921,26224,22-09-2025 08:45,111.17
901922,14837,22-09-2025 08:46,63.45
901923,18714,22-09-2025 09:00,50.81
901924,9472,22-09-2025 09:03,51.31
901925,23034,22-09-2025 09:06,16.54
901926,12684,22-09-2025 09:11,93.61
901927,24464,22-09-2025 09:30,75.93
901928,248,22-09-2025 09:32,48.59
901929,4277,22-09-2025 10:05,44.36
901930,9625,22-09-2025 10:26,82.03
901931,15628,22-09-2025 10:28,40.61
901932,12078,22-09-2025 10:34,25.37
901933,18268,22-09-2025 10:51,42.31
901934,20318,22-09-2025 11:20,20.01
901935,514,22-09-2025 11:52,48.9
901936,7135,22-09-2025 12:01,64.34
901937,24825,22-09-2025 12:23,50.74
901938,16187,22-09-2025 12:30,25.03
901939,21611,22-09-2025 12:32,102.2
901940,9797,22-09-2025 12:49,39.67
901941,24645,22-09-2025 12:50,35.62
901942,3819,22-09-2025 13:10,72.12
901943,3456,22-09-2025 13:11,98.29
901944,25743,22-09-2025 13:19,9
901945,21039,22-09-2025 13:25,27.94
901946,5414,22-09-2025 13:33,79.03
901947,13098,22-09-2025 13:34,68.24
901948,30300,22-09-2025 13:38,35.01
901949,28135,22-09-2025 13:48,110.29
901950,23841,22-09-2025 14:22,39.79
901951,17983,22-09-2025 14:26,81.7
901952,2902,22-09-2025 14:26,90.82
901953,6255,22-09-2025 14:26,125.21
901954,13329,22-09-2025 14:41,57.93
901955,25728,22-09-2025 15:03,55.38
901956,18723,22-09-2025 15:15,61.44
901957,26991,22-09-2025 15:46,73.07
901958,11822,22-09-2025 16:05,75.36
901959,2998,22-09-2025 16:06,88.8
901960,6147,22-09-2025 16:06,35.5
901961,8439,22-09-2025 16:28,24.83
901962,20135,22-09-2025 16:49,31.18
901963,9912,22-09-2025 17:03,27.06
901964,27068,22-09-2025 17:17,73.08
901965,18708,22-09-2025 17:24,91.07
901966,10225,22-09-2025 17:47,32.31
901967,12134,22-09-2025 17:57,26.75
901968,11797,22-09-2025 18:08,53.08
901969,17983,22-09-2025 18:15,49.48
901970,22700,22-09-2025 18:29,61.67
901971,5106,22-09-2025 19:05,14.57
901972,3621,22-09-2025 19:05,53.3
901973,25899,22-09-2025 19:06,111.45
901974,18508,22-09-2025 19:11,58.36
901975,11822,22-09-2025 19:27,43.01
901976,7789,22-09-2025 20:13,53.75
901977,5325,22-09-2025 20:29,35.64
901978,10906,22-09-2025 20:50,74.98
901979,18617,22-09-2025 21:12,39.06
901980,9275,22-09-2025 21:59,32.69
901981,25586,22-09-2025 22:11,60.5
901982,17991,22-09-2025 22:13,37.73
901983,14594,22-09-2025 22:23,83.51
901984,27681,22-09-2025 22:40,30.24
901985,26076,22-09-2025 22:45,54.01
901986,23385,22-09-2025 23:26,74.32
901987,22005,22-09-2025 23:37,98.05
901988,28874,22-09-2025 23:57,16.82
901989,17179,23-09-2025 00:04,85.61
901990,4957,23-09-2025 00:16,64.17
901991,23311,23-09-2025 00:17,9
901992,17449,23-09-2025 00:37,39.16
901993,4630,23-09-2025 01:03,72.49
901994,29792,23-09-2025 01:57,95.09
901995,10327,23-09-2025 02:08,18.75
901996,13443,23-09-2025 02:12,42.59
901997,22718,23-09-2025 02:12,47.84
901998,2460,23-09-2025 02:18,122.08
901999,12090,23-09-2025 02:25,45.84
902000,6161,23-09-2025 02:34,33.64
902001,25520,23-09-2025 02:54,66.79
902002,17157,23-09-2025 03:05,121.52
902003,22332,23-09-2025 03:30,79.81
902004,23702,23-09-2025 03:58,131.98
902005,3513,23-09-2025 04:00,99.12
902006,22487,23-09-2025 04:12,84.69
902007,9775,23-09-2025 04:19,83.99
902008,26663,23-09-2025 04:25,54.34
902009,30779,23-09-2025 04:27,59.86
902010,28524,23-09-2025 04:28,45.15
902011,22831,23-09-2025 04:35,27.75
902012,17812,23-09-2025 05:04,117.69
902013,26494,23-09-2025 05:29,91.25
902014,21605,23-09-2025 05:33,23.91
902015,29766,23-09-2025 05:56,102.95
902016,19155,23-09-2025 06:01,20.3
902017,4865,23-09-2025 06:17,47.59
902018,21780,23-09-2025 06:23,56.91
902019,4561,23-09-2025 06:25,11.39
902020,5549,23-09-2025 06:39,29.36
902021,13136,23-09-2025 06:39,66.26
902022,8919,23-09-2025 07:09,48.13
902023,4639,23-09-2025 07:09,56.34
902024,7128,23-09-2025 07:28,45.59
902025,6741,23-09-2025 08:03,93.44
902026,19410,23-09-2025 08:28,89.39
902027,21542,23-09-2025 08:33,91.78
902028,14219,23-09-2025 08:50,80.09
902029,3016,23-09-2025 08:57,33.23
902030,15334,23-09-2025 09:59,79.63
902031,26675,23-09-2025 10:05,26.18
902032,26140,23-09-2025 10:12,69.17
902033,10230,23-09-2025 10:43,125.56
902034,10880,23-09-2025 10:53,94.91
902035,14526,23-09-2025 11:00,123.02
902036,6742,23-09-2025 11:04,17.74
902037,17678,23-09-2025 11:20,92.36
902038,22849,23-09-2025 11:27,113.77
902039,26856,23-09-2025 11:28,63.61
902040,15205,23-09-2025 12:02,26.25
902041,19990,23-09-2025 12:26,52.23
902042,19484,23-09-2025 13:10,67.1
902043,5910,23-09-2025 13:12,62.45
902044,5858,23-09-2025 13:51,68.35
902045,9440,23-09-2025 13:56,86.33
902046,17570,23-09-2025 13:56,80.79
902047,4503,23-09-2025 14:13,85.28
902048,5925,23-09-2025 14:13,36.75
902049,7258,23-09-2025 14:18,85.56
902050,17556,23-09-2025 14:27,40.29
902051,3141,23-09-2025 14:32,66.32
902052,28595,23-09-2025 14:58,43.3
902053,21793,23-09-2025 15:03,45.1
902054,4226,23-09-2025 15:23,58.54
902055,26398,23-09-2025 15:43,40.67
902056,73,23-09-2025 16:05,90.18
902057,23157,23-09-2025 16:19,74.99
902058,27357,23-09-2025 16:42,40.89
902059,11819,23-09-2025 16:47,94.96
902060,14440,23-09-2025 16:50,91.62
902061,1871,23-09-2025 16:55,9
902062,18957,23-09-2025 17:41,68.62
902063,15520,23-09-2025 17:58,80.98
902064,28200,23-09-2025 17:59,101.48
902065,8010,23-09-2025 18:57,41.63
902066,1179,23-09-2025 18:58,87.77
902067,22750,23-09-2025 19:29,11.66
902068,25915,23-09-2025 19:41,33.04
902069,8871,23-09-2025 20:06,37.09
902070,4236,23-09-2025 20:07,35.84
902071,12171,23-09-2025 20:22,68.05
902072,27668,23-09-2025 20:24,87.37
902073,29782,23-09-2025 20:36,66.11
902074,22067,23-09-2025 20:46,96.58
902075,20501,23-09-2025 20:49,73.59
902076,15462,23-09-2025 21:09,124.86
902077,25902,23-09-2025 22:14,22.26
902078,24667,23-09-2025 22:43,64.87
902079,10937,23-09-2025 22:57,86.36
902080,6261,23-09-2025 23:00,104.61
902081,20200,23-09-2025 23:47,48.2
902082,18199,23-09-2025 23:51,46.93
902083,25100,23-09-2025 23:59,31.63
902084,25381,24-09-2025 00:06,25.1
902085,12027,24-09-2025 00:15,59.51
902086,14686,24-09-2025 00:36,110.32
902087,25659,24-09-2025 00:43,41.91
902088,21697,24-09-2025 00:52,58.91
902089,19585,24-09-2025 00:56,44.97
902090,26179,24-09-2025 00:57,109.43
902091,2485,24-09-2025 01:00,36.52
902092,19155,24-09-2025 01:04,81.61
902093,28652,24-09-2025 01:13,94.74
902094,18328,24-09-2025 01:15,28
902095,19572,24-09-2025 01:26,51.07
902096,19989,24-09-2025 01:53,88.29
902097,16296,24-09-2025 01:58,33.09
902098,5880,24-09-2025 02:23,87.94
902099,25329,24-09-2025 02:41,67.27
902100,4357,24-09-2025 03:25,87.72
902101,28788,24-09-2025 03:58,9
902102,1521,24-09-2025 04:14,42.25
902103,25324,24-09-2025 04:18,87.22
902104,14853,24-09-2025 04:24,60.26
902105,2857,24-09-2025 04:30,72.8
902106,20617,24-09-2025 05:12,52.27
902107,29941,24-09-2025 05:14,55.21
902108,22023,24-09-2025 05:17,103.79
902109,2136,24-09-2025 05:47,44.24
902110,3075,24-09-2025 05:52,69.22
902111,13898,24-09-2025 05:59,22.5
902112,2228,24-09-2025 06:02,9
902113,27525,24-09-2025 06:25,87.22
902114,7258,24-09-2025 06:28,101.54
902115,22425,24-09-2025 06:28,56.37
902116,24525,24-09-2025 06:50,55.88
902117,20344,24-09-2025 06:57,43.56
902118,19215,24-09-2025 07:10,61.53
902119,17524,24-09-2025 07:44,100.84
902120,26767,24-09-2025 08:04,39.56
902121,7118,24-09-2025 08:10,32.38
902122,16682,24-09-2025 08:14,80.24
902123,3897,24-09-2025 08:31,20.58
902124,24320,24-09-2025 08:50,87.29
902125,3897,24-09-2025 08:53,57.33
902126,14243,24-09-2025 08:57,41.25
902127,12068,24-09-2025 08:57,59.26
902128,14327,24-09-2025 09:04,70.64
902129,22356,24-09-2025 10:23,96.77
902130,16241,24-09-2025 10:25,42.36
902131,6701,24-09-2025 10:46,77.74
902132,15377,24-09-2025 10:56,40.77
902133,9490,24-09-2025 10:56,49.45
902134,16979,24-09-2025 11:00,79.56
902135,21683,24-09-2025 11:04,105.77
902136,9035,24-09-2025 11:24,89.63
902137,14707,24-09-2025 11:52,57.75
902138,7237,24-09-2025 12:10,54.99
902139,2267,24-09-2025 12:10,40.94
902140,29226,24-09-2025 12:14,97.88
902141,7789,24-09-2025 12:35,77.44
902142,25209,24-09-2025 12:43,67.84
902143,3923,24-09-2025 13:16,90.55
902144,28681,24-09-2025 14:12,54.02
902145,23503,24-09-2025 14:47,76.17
902146,11816,24-09-2025 14:54,25.16
902147,17528,24-09-2025 15:03,78.05
902148,10932,24-09-2025 15:10,107.6
902149,4707,24-09-2025 15:34,43.2
902150,29714,24-09-2025 15:36,86.45
902151,20725,24-09-2025 15:36,88.37
902152,19990,24-09-2025 15:39,39.05
902153,10906,24-09-2025 15:43,52.5
902154,30842,24-09-2025 16:29,53.42
902155,30286,24-09-2025 16:37,104.12
902156,21745,24-09-2025 17:36,84.3
902157,9914,24-09-2025 17:36,82.02
902158,14458,24-09-2025 17:36,15.65
902159,12365,24-09-2025 17:48,71.94
902160,2208,24-09-2025 17:52,40.48
902161,9326,24-09-2025 18:50,43.33
902162,12510,24-09-2025 19:46,64.22
902163,14863,24-09-2025 20:22,87.4
902164,6828,24-09-2025 20:36,41.37
902165,16606,24-09-2025 20:40,78.95
902166,21801,24-09-2025 20:58,87.99
902167,22930,24-09-2025 21:03,42.94
902168,6772,24-09-2025 21:06,83.22
902169,18065,24-09-2025 21:09,21.88
902170,6521,24-09-2025 21:28,87.35
902171,6741,24-09-2025 21:37,40.77
902172,27583,24-09-2025 21:57,75.02
902173,26476,24-09-2025 22:18,63.32
902174,15424,24-09-2025 22:26,57.67
902175,2519,24-09-2025 22:44,9
902176,12217,24-09-2025 22:57,83.6
902177,19315,24-09-2025 23:17,69.42
902178,16746,24-09-2025 23:48,66.79
902179,25835,24-09-2025 23:51,13.8
902180,7012,24-09-2025 23:54,75.29
902181,18389,24-09-2025 23:58,58.62
902182,23909,25-09-2025 00:02,31.22
902183,28581,25-09-2025 00:42,56.04
902184,14668,25-09-2025 00:47,97.74
902185,23499,25-09-2025 01:10,38.71
902186,13910,25-09-2025 01:14,43.1
902187,715,25-09-2025 01:30,58.52
902188,8599,25-09-2025 02:03,105
902189,29304,25-09-2025 02:03,52.25
902190,26654,25-09-2025 02:35,41.03
902191,25349,25-09-2025 02:47,57.9
902192,2655,25-09-2025 03:06,68.78
902193,5536,25-09-2025 03:07,31.31
902194,11614,25-09-2025 03:08,97.39
902195,13657,25-09-2025 03:31,62.39
902196,8544,25-09-2025 04:15,74.64
902197,17467,25-09-2025 05:01,23.32
902198,17943,25-09-2025 05:08,71.31
902199,4799,25-09-2025 05:11,86.28
902200,24498,25-09-2025 05:37,83.85
902201,29079,25-09-2025 05:44,110.77
902202,17303,25-09-2025 05:48,61.43
902203,6689,25-09-2025 05:58,66.72
902204,13112,25-09-2025 06:06,33.74
902205,26372,25-09-2025 06:07,134.44
902206,77,25-09-2025 06:29,87.39
902207,12230,25-09-2025 06:35,110.44
902208,25363,25-09-2025 06:57,76.42
902209,14415,25-09-2025 07:05,101.76
902210,24639,25-09-2025 07:11,50.44
902211,1874,25-09-2025 07:14,47.19
902212,27616,25-09-2025 07:22,72.22
902213,3501,25-09-2025 08:03,74.96
902214,22560,25-09-2025 08:14,40.04
902215,898,25-09-2025 08:15,84.61
902216,4365,25-09-2025 08:26,39.57
902217,16884,25-09-2025 08:40,16.44
902218,12048,25-09-2025 08:45,82.07
902219,14798,25-09-2025 08:45,51.19
902220,27583,25-09-2025 09:34,76.47
902221,21478,25-09-2025 09:35,32.77
902222,30673,25-09-2025 09:57,58.79
902223,30787,25-09-2025 11:00,66.9
902224,23792,25-09-2025 11:07,49.34
902225,26963,25-09-2025 11:15,34.15
902226,17195,25-09-2025 11:48,45.53
902227,25100,25-09-2025 11:51,13.14
902228,18113,25-09-2025 12:42,93.08
902229,9007,25-09-2025 12:49,66.56
902230,20041,25-09-2025 12:52,50.33
902231,27616,25-09-2025 12:52,56.74
902232,10294,25-09-2025 13:15,39.1
902233,13179,25-09-2025 13:40,64.68
902234,21745,25-09-2025 13:43,33.35
902235,26252,25-09-2025 13:49,45.73
902236,26476,25-09-2025 13:51,72.63
902237,12057,25-09-2025 13:56,106.32
902238,19745,25-09-2025 14:04,56.88
902239,30334,25-09-2025 14:18,31.94
902240,23036,25-09-2025 14:25,81.87
902241,21879,25-09-2025 14:31,39.21
902242,6476,25-09-2025 14:39,45.37
902243,19946,25-09-2025 14:40,79.62
902244,23440,25-09-2025 14:41,59.89
902245,27789,25-09-2025 15:33,50.54
902246,28345,25-09-2025 15:47,94.08
902247,20617,25-09-2025 16:02,93.11
902248,21225,25-09-2025 16:07,99.34
902249,20831,25-09-2025 16:08,49.57
902250,26465,25-09-2025 16:16,101.25
902251,1953,25-09-2025 16:17,90.84
902252,24144,25-09-2025 16:54,30.65
902253,22178,25-09-2025 16:55,89.16
902254,20142,25-09-2025 17:14,73.02
902255,21532,25-09-2025 17:26,64.46
902256,27131,25-09-2025 17:35,63.38
902257,15502,25-09-2025 17:43,62.02
902258,13248,25-09-2025 18:39,41.75
902259,3821,25-09-2025 19:00,59.96
902260,21896,25-09-2025 19:43,46.33
902261,10590,25-09-2025 19:57,87.74
902262,3172,25-09-2025 20:15,31.49
902263,13889,25-09-2025 20:18,91.14
902264,7145,25-09-2025 20:33,78.93
902265,3087,25-09-2025 21:02,84.43
902266,9388,25-09-2025 21:21,37.55
902267,7123,25-09-2025 21:50,71.64
902268,17843,25-09-2025 22:38,24.42
902269,2159,25-09-2025 23:44,93.44
902270,13964,26-09-2025 00:17,69.7
902271,7108,26-09-2025 00:47,32.74
902272,12312,26-09-2025 01:33,59.38
902273,17130,26-09-2025 01:48,38.5
902274,13879,26-09-2025 02:26,72.35
902275,17333,26-09-2025 02:48,41.37
902276,29489,26-09-2025 03:27,59.82
902277,18361,26-09-2025 03:27,55.97
902278,28482,26-09-2025 03:34,18.47
902279,8833,26-09-2025 03:47,104.59
902280,29098,26-09-2025 03:57,75.32
902281,17880,26-09-2025 04:00,90.96
902282,14873,26-09-2025 04:51,65.17
902283,12886,26-09-2025 05:46,68.9
902284,19942,26-09-2025 05:49,91.95
902285,13129,26-09-2025 06:02,79.55
902286,3340,26-09-2025 06:07,47.7
902287,20653,26-09-2025 06:13,87.95
902288,25678,26-09-2025 06:19,9
902289,6490,26-09-2025 06:27,43.2
902290,454,26-09-2025 06:36,129.86
902291,8833,26-09-2025 06:37,65.29
902292,24585,26-09-2025 06:43,56.39
902293,24979,26-09-2025 06:55,56.11
902294,17992,26-09-2025 06:55,55.55
902295,19752,26-09-2025 06:58,46.62
902296,26372,26-09-2025 07:18,67.79
902297,4721,26-09-2025 07:22,29.74
902298,14486,26-09-2025 07:23,71.54
902299,14347,26-09-2025 07:45,91.24
902300,14179,26-09-2025 07:56,12.16
902301,21567,26-09-2025 07:59,35.48
902302,9960,26-09-2025 08:06,80.57
902303,24461,26-09-2025 08:11,9
902304,9662,26-09-2025 08:21,76.56
902305,17303,26-09-2025 08:29,81.67
902306,9083,26-09-2025 08:35,56.39
902307,29278,26-09-2025 08:49,73.08
902308,8590,26-09-2025 08:49,99.07
902309,23431,26-09-2025 09:07,47.68
902310,17284,26-09-2025 09:08,49.06
902311,13422,26-09-2025 09:21,90.25
902312,22258,26-09-2025 09:41,59.63
902313,12300,26-09-2025 09:56,9
902314,9207,26-09-2025 10:07,48.66
902315,9026,26-09-2025 10:12,84.66
902316,29630,26-09-2025 10:29,64.16
902317,29082,26-09-2025 10:57,91.06
902318,4575,26-09-2025 11:01,26.98
902319,4168,26-09-2025 11:14,83.82
902320,20134,26-09-2025 11:18,78.83
902321,4621,26-09-2025 11:26,71.89
902322,22346,26-09-2025 11:35,43.58
902323,15552,26-09-2025 11:36,65.83
902324,30085,26-09-2025 11:36,60.47
902325,1969,26-09-2025 12:10,27.09
902326,29071,26-09-2025 12:20,76.11
902327,9681,26-09-2025 12:24,66.29
902328,28458,26-09-2025 12:32,51.88
902329,8216,26-09-2025 12:38,113.67
902330,391,26-09-2025 12:46,64.04
902331,12599,26-09-2025 12:57,90.46
902332,8748,26-09-2025 13:00,48.34
902333,6490,26-09-2025 13:03,78.44
902334,13283,26-09-2025 13:05,80.37
902335,10570,26-09-2025 13:25,69.42
902336,3206,26-09-2025 13:40,32.45
902337,11942,26-09-2025 13:44,68.84
902338,3924,26-09-2025 13:50,50.2
902339,22848,26-09-2025 13:55,63.1
902340,5535,26-09-2025 13:57,116.4
902341,14002,26-09-2025 14:38,65.55
902342,22286,26-09-2025 15:01,54.48
902343,14732,26-09-2025 15:05,17.18
902344,16410,26-09-2025 15:05,23.26
902345,28905,26-09-2025 15:07,61.56
902346,635,26-09-2025 15:40,65.53
902347,30987,26-09-2025 15:40,109.88
902348,14859,26-09-2025 15:44,78.78
902349,14515,26-09-2025 15:47,32.7
902350,6388,26-09-2025 15:50,15.59
902351,10629,26-09-2025 15:52,90.13
902352,12128,26-09-2025 15:59,43.06
902353,26468,26-09-2025 16:03,98.9
902354,7123,26-09-2025 16:20,80.12
902355,13899,26-09-2025 16:47,81.82
902356,8812,26-09-2025 16:52,19.73
902357,3855,26-09-2025 16:56,115.88
902358,11850,26-09-2025 17:04,44.16
902359,12577,26-09-2025 17:13,98.08
902360,4238,26-09-2025 17:30,32.82
902361,2976,26-09-2025 17:59,55.72
902362,4667,26-09-2025 18:04,39.95
902363,30004,26-09-2025 18:07,90.67
902364,15860,26-09-2025 18:16,74.8
902365,5613,26-09-2025 19:12,92.28
902366,5640,26-09-2025 19:13,94.6
902367,17309,26-09-2025 19:51,64.7
902368,12349,26-09-2025 19:51,71.19
902369,9932,26-09-2025 20:05,74.85
902370,8457,26-09-2025 21:05,42.12
902371,19946,26-09-2025 21:16,67.57
902372,11655,26-09-2025 22:07,37.86
902373,16959,26-09-2025 22:08,53.49
902374,17069,26-09-2025 22:35,47.56
902375,28867,26-09-2025 22:45,43.65
902376,3204,26-09-2025 23:00,88.78
902377,22162,26-09-2025 23:10,9
902378,8908,26-09-2025 23:35,50.61
902379,29952,26-09-2025 23:39,64.35
902380,28479,26-09-2025 23:46,95.89
902381,2976,26-09-2025 23:55,79.07
902382,25504,27-09-2025 00:09,62.44
902383,25920,27-09-2025 00:12,74.01
902384,18660,27-09-2025 01:10,89.19
902385,3988,27-09-2025 01:29,63.18
902386,3725,27-09-2025 01:49,69.05
902387,4561,27-09-2025 02:00,44.5
902388,8409,27-09-2025 02:02,94.23
902389,23941,27-09-2025 02:19,42.72
902390,5849,27-09-2025 02:22,20.8
902391,30491,27-09-2025 02:26,72.99
902392,25981,27-09-2025 02:32,57.49
902393,13233,27-09-2025 02:33,13.8
902394,6918,27-09-2025 02:38,66.08
902395,26442,27-09-2025 02:41,19.27
902396,3864,27-09-2025 02:54,9.03
902397,27789,27-09-2025 03:14,85.2
902398,2774,27-09-2025 03:45,74.31
902399,14980,27-09-2025 04:04,76.13
902400,17037,27-09-2025 04:24,83.26
902401,27650,27-09-2025 04:34,90.07
902402,9118,27-09-2025 04:44,64.35
902403,16234,27-09-2025 04:51,28.31
902404,20243,27-09-2025 05:13,99.31
902405,29628,27-09-2025 05:33,70.3
902406,18067,27-09-2025 05:37,65.3
902407,29624,27-09-2025 05:41,42.86
902408,5293,27-09-2025 05:51,75.59
902409,21226,27-09-2025 06:07,79.42
902410,14266,27-09-2025 06:12,73.63
902411,27081,27-09-2025 06:17,57.63
902412,27041,27-09-2025 06:25,90.3
902413,16218,27-09-2025 06:53,49.76
902414,23942,27-09-2025 08:01,42.97
902415,27995,27-09-2025 08:25,64.86
902416,351,27-09-2025 08:33,31.98
902417,19323,27-09-2025 09:08,65.28
902418,26853,27-09-2025 09:12,112.74
902419,2443,27-09-2025 09:40,64.78
902420,21380,27-09-2025 09:47,103.59
902421,9935,27-09-2025 10:04,101.38
902422,11333,27-09-2025 10:07,60.67
902423,12349,27-09-2025 10:11,48.12
902424,21069,27-09-2025 10:16,70.13
902425,27510,27-09-2025 10:21,51.19
902426,2995,27-09-2025 10:26,68.63
902427,28867,27-09-2025 10:27,89.53
902428,3651,27-09-2025 10:36,47.63
902429,30969,27-09-2025 10:46,108.4
902430,19161,27-09-2025 10:59,58.32
902431,6537,27-09-2025 11:12,59.83
902432,18871,27-09-2025 11:28,65.51
902433,7332,27-09-2025 11:53,53.09
902434,25234,27-09-2025 11:53,59.83
902435,13530,27-09-2025 11:57,26.84
902436,5005,27-09-2025 11:57,118.66
902437,10818,27-09-2025 12:11,44.78
902438,23499,27-09-2025 12:40,92.64
902439,16234,27-09-2025 13:05,58.27
902440,12326,27-09-2025 13:06,37.95
902441,2818,27-09-2025 13:12,96.89
902442,19820,27-09-2025 13:41,120.05
902443,30555,27-09-2025 13:41,50.17
902444,1731,27-09-2025 15:28,82.77
902445,17161,27-09-2025 15:31,60.2
902446,9079,27-09-2025 15:35,55.8
902447,919,27-09-2025 15:50,47.16
902448,17664,27-09-2025 16:14,89.18
902449,18056,27-09-2025 16:57,55.95
902450,22542,27-09-2025 17:07,90.94
902451,17559,27-09-2025 17:19,79.1
902452,24331,27-09-2025 18:01,42.22
902453,30895,27-09-2025 18:11,66.29
902454,6772,27-09-2025 18:24,67.27
902455,29798,27-09-2025 18:29,85.01
902456,12028,27-09-2025 18:32,45.87
902457,5461,27-09-2025 19:01,51.58
902458,9013,27-09-2025 19:02,51.02
902459,27537,27-09-2025 19:21,42.73
902460,873,27-09-2025 19:46,38.82
902461,20665,27-09-2025 19:50,62.76
902462,5430,27-09-2025 19:52,66.47
902463,30811,27-09-2025 19:58,43.39
902464,15003,27-09-2025 20:15,122.17
902465,20156,27-09-2025 20:56,16.6
902466,17780,27-09-2025 21:02,50.01
902467,27871,27-09-2025 21:07,27.79
902468,29469,27-09-2025 21:08,49.94
902469,11848,27-09-2025 21:28,78.45
902470,30264,27-09-2025 21:32,83.11
902471,4667,27-09-2025 21:43,105.55
902472,23503,27-09-2025 22:10,87.29
902473,8695,27-09-2025 22:27,63.25
902474,23298,27-09-2025 22:32,42.59
902475,28518,27-09-2025 23:01,45.37
902476,3689,27-09-2025 23:10,104.09
902477,7445,27-09-2025 23:11,83.64
902478,2626,27-09-2025 23:20,26.38
902479,17856,27-09-2025 23:27,42.02
902480,18702,27-09-2025 23:29,83.11
902481,17153,27-09-2025 23:38,53.64
902482,19988,27-09-2025 23:42,57.06
902483,3346,27-09-2025 23:49,75.16
902484,18353,28-09-2025 00:02,70.16
902485,8595,28-09-2025 01:26,56.31
902486,15767,28-09-2025 02:13,42.45
902487,25581,28-09-2025 02:25,55.87
902488,18435,28-09-2025 03:05,63.91
902489,14297,28-09-2025 03:30,12.58
902490,1812,28-09-2025 04:03,97.03
902491,23676,28-09-2025 04:19,75.35
902492,28345,28-09-2025 04:21,55.95
902493,7731,28-09-2025 04:22,65.64
902494,4268,28-09-2025 04:31,85.69
902495,22196,28-09-2025 04:33,43.91
902496,15671,28-09-2025 04:57,21.33
902497,30575,28-09-2025 05:00,31.54
902498,6273,28-09-2025 05:24,82.18
902499,18570,28-09-2025 05:30,70.32
902500,17142,28-09-2025 05:49,55.6
902501,23166,28-09-2025 06:15,54.77
902502,7432,28-09-2025 08:00,83.58
902503,6489,28-09-2025 08:09,21.42
902504,2445,28-09-2025 08:39,39.2
902505,23680,28-09-2025 08:52,72.9
902506,3791,28-09-2025 08:57,38.63
902507,12524,28-09-2025 09:12,63.61
902508,28595,28-09-2025 09:27,40.94
902509,17500,28-09-2025 09:32,75.83
902510,9025,28-09-2025 09:39,61.16
902511,8660,28-09-2025 10:01,27.57
902512,22036,28-09-2025 10:37,33.97
902513,24598,28-09-2025 10:43,76.7
902514,13344,28-09-2025 10:54,73.64
902515,8239,28-09-2025 11:08,60.14
902516,29166,28-09-2025 11:24,71.47
902517,25333,28-09-2025 12:28,55.93
902518,7332,28-09-2025 12:31,78.89
902519,27741,28-09-2025 12:35,54.76
902520,27103,28-09-2025 12:40,87.14
902521,9622,28-09-2025 12:40,76.89
902522,22741,28-09-2025 13:17,49.33
902523,19181,28-09-2025 13:55,79.84
902524,22162,28-09-2025 14:22,87.45
902525,4420,28-09-2025 14:40,67.48
902526,18903,28-09-2025 14:43,34.16
902527,14706,28-09-2025 15:05,43.4
902528,17467,28-09-2025 15:14,93.12
902529,21086,28-09-2025 15:19,43.45
902530,3725,28-09-2025 15:32,51.95
902531,15963,28-09-2025 15:48,85.85
902532,7314,28-09-2025 15:55,77.39
902533,8139,28-09-2025 15:58,82.42
902534,17903,28-09-2025 16:33,47.1
902535,4503,28-09-2025 16:44,52.68
902536,28669,28-09-2025 17:25,84.79
902537,21069,28-09-2025 17:30,29.84
902538,8748,28-09-2025 17:44,34.88
902539,1117,28-09-2025 17:53,30.71
902540,29980,28-09-2025 18:07,61.35
902541,10651,28-09-2025 18:33,84.72
902542,18739,28-09-2025 18:36,33.62
902543,12162,28-09-2025 18:54,37.32
902544,11251,28-09-2025 18:59,40.56
902545,2809,28-09-2025 19:18,50.96
902546,9736,28-09-2025 19:28,51.15
902547,22286,28-09-2025 19:42,18.78
902548,16087,28-09-2025 19:43,44.61
902549,27427,28-09-2025 19:48,63.35
902550,19280,28-09-2025 19:48,54.93
902551,21909,28-09-2025 19:53,76.93
902552,25179,28-09-2025 20:09,53.06
902553,7034,28-09-2025 20:36,39.48
902554,24875,28-09-2025 20:51,37.71
902555,3689,28-09-2025 20:54,68.88
902556,9359,28-09-2025 21:37,33.42
902557,10430,28-09-2025 22:16,60.62
902558,30177,28-09-2025 22:36,42.58
902559,2166,28-09-2025 22:48,87.9
902560,23430,28-09-2025 22:50,98.92
902561,12616,28-09-2025 22:53,65.28
902562,30755,28-09-2025 23:40,75.84
902563,18957,29-09-2025 00:20,98.18
902564,2342,29-09-2025 00:23,96.42
902565,29873,29-09-2025 00:24,113.67
902566,20748,29-09-2025 01:03,46.65
902567,7536,29-09-2025 01:19,84.56
902568,8561,29-09-2025 01:34,60.86
902569,21200,29-09-2025 01:36,87.31
902570,2396,29-09-2025 01:37,71.88
902571,24289,29-09-2025 01:37,37.23
902572,1633,29-09-2025 01:40,147.48
902573,1564,29-09-2025 01:48,25.39
902574,17869,29-09-2025 01:53,72.46
902575,10629,29-09-2025 01:56,67.78
902576,2110,29-09-2025 02:01,46.66
902577,8843,29-09-2025 02:06,28.73
902578,20638,29-09-2025 02:08,31.49
902579,812,29-09-2025 02:09,61.13
902580,9113,29-09-2025 02:40,50.96
902581,4208,29-09-2025 02:57,86.02
902582,25781,29-09-2025 03:09,60.55
902583,6985,29-09-2025 03:26,48.22
902584,6095,29-09-2025 04:00,19.8
902585,6948,29-09-2025 04:32,46.45
902586,25266,29-09-2025 04:40,82.71
902587,3901,29-09-2025 05:45,89.59
902588,8988,29-09-2025 06:19,98.58
902589,14266,29-09-2025 06:20,94.01
902590,29001,29-09-2025 06:36,74.75
902591,8792,29-09-2025 06:38,29.37
902592,18584,29-09-2025 06:44,82.47
902593,5902,29-09-2025 06:47,29.91
902594,23324,29-09-2025 07:04,84.06
902595,855,29-09-2025 07:13,37.07
902596,17474,29-09-2025 07:36,45.49
902597,7119,29-09-2025 07:50,124.5
902598,25064,29-09-2025 07:51,44.33
902599,23060,29-09-2025 07:56,96.62
902600,9118,29-09-2025 08:12,101.44
902601,10130,29-09-2025 08:14,69.65
902602,20500,29-09-2025 08:17,53.66
902603,27203,29-09-2025 08:18,10.63
902604,26056,29-09-2025 08:31,68.63
902605,6703,29-09-2025 08:42,109.97
902606,29074,29-09-2025 08:45,65.66
902607,23702,29-09-2025 08:46,88.56
902608,10867,29-09-2025 08:51,55.17
902609,27647,29-09-2025 08:56,41.86
902610,18620,29-09-2025 08:56,58.2
902611,1537,29-09-2025 09:02,45.28
902612,30191,29-09-2025 09:23,63.17
902613,27476,29-09-2025 09:33,39.27
902614,15496,29-09-2025 09:40,41.49
902615,23793,29-09-2025 09:43,107.9
902616,24967,29-09-2025 10:02,36.45
902617,3988,29-09-2025 10:22,77.84
902618,7808,29-09-2025 10:29,9
902619,24646,29-09-2025 10:32,70.84
902620,21571,29-09-2025 10:38,68.59
902621,1443,29-09-2025 10:38,141.82
902622,28244,29-09-2025 11:01,76.58
902623,15932,29-09-2025 11:14,121.82
902624,22805,29-09-2025 11:33,102.47
902625,4971,29-09-2025 12:31,38.07
902626,11994,29-09-2025 12:44,38.79
902627,13689,29-09-2025 13:02,71.41
902628,5106,29-09-2025 13:07,67.7
902629,22023,29-09-2025 13:22,83.03
902630,30423,29-09-2025 14:02,85.23
902631,30886,29-09-2025 14:20,84.31
902632,25158,29-09-2025 14:37,50.12
902633,9542,29-09-2025 15:02,63.95
902634,29000,29-09-2025 15:23,72.13
902635,3469,29-09-2025 15:24,90.15
902636,5966,29-09-2025 15:36,94.36
902637,16626,29-09-2025 15:41,99.79
902638,21405,29-09-2025 15:43,38.85
902639,7475,29-09-2025 16:13,9
902640,10391,29-09-2025 16:22,55.65
902641,5260,29-09-2025 16:30,56.2
902642,6779,29-09-2025 16:43,83.17
902643,16724,29-09-2025 16:54,39.18
902644,16240,29-09-2025 16:55,130.5
902645,27362,29-09-2025 16:56,58.12
902646,21571,29-09-2025 17:57,35.43
902647,3791,29-09-2025 18:10,50.98
902648,23792,29-09-2025 18:15,93.62
902649,27290,29-09-2025 19:07,63.68
902650,5592,29-09-2025 19:53,71.05
902651,23430,29-09-2025 20:05,82.37
902652,13910,29-09-2025 20:09,41.77
902653,1419,29-09-2025 20:09,65.98
902654,20725,29-09-2025 20:43,84.44
902655,7024,29-09-2025 20:44,62.39
902656,18122,29-09-2025 20:48,9
902657,4518,29-09-2025 20:51,86.55
902658,19491,29-09-2025 20:56,70.39
902659,14259,29-09-2025 21:22,87.02
902660,25276,29-09-2025 21:36,78.19
902661,3937,29-09-2025 21:57,62.84
902662,22488,29-09-2025 21:59,45.67
902663,15711,29-09-2025 22:05,44.52
902664,10161,29-09-2025 22:15,83.09
902665,10158,29-09-2025 22:23,76.31
902666,11152,29-09-2025 22:33,22
902667,12269,29-09-2025 23:16,9
902668,11205,29-09-2025 23:36,68.28
902669,4595,29-09-2025 23:37,79.53
902670,11792,29-09-2025 23:39,53.05
